id,type,rating,dibl,dibu,song,episode,episodeID,episodeType,episodeLength,cleaned_rating,rating_numeric,dibl_copy,dibl_numeric
1,Big Mac,3/5,Not Done,1,- No Song -,Big Mac Sausage,f5wvSQdkgXA,Standard,04:37,3,3.0,Not Done,
2,Spaghetti and Meatballs,2/5,Not Done,1,- No Song -,Spaghetti ans Meatballs Sausage,qNZ08y8d7RY,Standard,04:02,2,2.0,Not Done,
3,Entire KFC Big Box Meal,5/5,Not Done,1,- No Song -,Entire KFC Big Box Meal Sausage,Ve9mlKn4FTs,Standard,02:51,5,5.0,Not Done,
4,Sushi,0/5,Not Done,1,- No Song -,Sushi Sausage,qOdHN0k4N34,Standard,02:30,0,0.0,Not Done,
5,Pizza Rolls,1/5,Not Done,0,- No Song -,Pizza Rolls Sausage,CVn4PMK1XvM,Standard,02:45,1,1.0,Not Done,
6,Taco Bell Crunchy Taco,1/5,Not Done,1,- No Song -,Taco Bell Crunchy Taco Sausage,Bmx5S1NKqTk,Standard,03:29,1,1.0,Not Done,
7,Vanilla Cake,4/5,Not Done,1,- No Song -,Vanilla Cake Sausage,qP1HMK7Qcj4,Milestone Special,04:32,4,4.0,Not Done,
8,St Patrick's Day Corned Beef and Cabbage,5/5,Not Done,0,- No Song -,St Patrick's Day Corned Beef and Cabbage Sausage,BGC9Tw-RkDQ,Holiday Special,04:53,5,5.0,Not Done,
9,Vienna Sausage,0/5,Not Done,1,- No Song -,Vienna Sausage Sausage,F2gQ7PYxzaw,Standard,03:46,0,0.0,Not Done,
10,Panda Express Orange Chicken and Chow Mein,2/5,Yes,1,- No Song -,Panda Express Orange Chicken and Chow Mein,TOJ6jmUtM20,Standard,05:20,2,2.0,Yes (No Rating),
11,Passover,1/5,Not Done,1,- No Song -,Passover Sausage,2ERi6bhzRbY,Holiday Special,07:06,1,1.0,Not Done,
12,Easter Surprise,1/5,Not Done,1,- No Song -,Easter Surprise Sausage,ZqB1kcHMe3Q,Holiday Special,04:09,1,1.0,Not Done,
13,Arby's Big Beef and Cheddar,2/5,Not Done,1,- No Song -,Arby's Big Beef and Cheddar Sausage,URVLma3onpQ,Standard,05:18,2,2.0,Not Done,
14,Fruit Salad,0/5,Not Done,1,- No Song -,Reaction Sausage,xmA0snstBeQ,Milestone Special,06:12,0,0.0,Not Done,
15,McDonald's Chicken McNugget Barbecue,2/5,Yes,1,The Gambler,McDonald's Chicken McNugget Sausage,EwtduKn6LOQ,Standard,06:15,2,2.0,Yes (No Rating),
16,McDonald's Chicken McNugget Honey Mustard,3/5,Yes,1,The Gambler,McDonald's Chicken McNugget Sausage,EwtduKn6LOQ,Standard,06:15,3,3.0,Yes (No Rating),
17,Bloomin Onion,1/5,Not Done,1,Down Under,Bloomin Onion Sausage,tfNg_Wcm9Rc,Standard,06:15,1,1.0,Not Done,
18,MRE Menu 7: Beef Brisket,Disqualified,Not Done,1,- No Song -,MRE Sausage: Menu 7 Beef Brisket,s7VcVGXBHHI,Standard,08:12,Disqualified,,Not Done,
19,Egg Roll,3/5,Not Done,0,- No Song -,Egg Roll Sausage,3VTMG2fWx18,Standard,06:37,3,3.0,Not Done,
20,Lobster,5/5,Not Done,0,Rock the Casbah,Lobster Sausage,cnhhGk_ALeg,Standard,04:39,5,5.0,Not Done,
21,Water,0/5,Not Done,0,- No Song -,Water Sausage,sMk4SPd8wmk,Standard,01:00,0,0.0,Not Done,
22,Pickle (Whole),0/5,Not Done,0,- No Song -,100K Sausage,FjRY5murMXA,Milestone Special,05:15,0,0.0,Not Done,
23,Pickle (Relish),1/5,Not Done,0,- No Song -,100K Sausage,FjRY5murMXA,Milestone Special,05:15,1,1.0,Not Done,
24,Pickle and Pork,4/5,Not Done,0,- No Song -,100K Sausage,FjRY5murMXA,Milestone Special,05:15,4,4.0,Not Done,
25,Chipotle Steak Burrito,3/5,Yes,1,Genie in a Bottle,Chipotle Steak Burrito Sausage,XBuQehx1SDw,Standard,03:41,3,3.0,Yes (No Rating),
26,Denny's Original Grand Slam,3/5,Not Done,0,- No Song -,Denny's Original Grand Slam Sausage,U4Jd-yYhBBk,Standard,04:24,3,3.0,Not Done,
27,Literally Just Eggs,3/5,Not Done,0,- No Song -,Literally Just Eggs Sausage,vo8X2hBjq6M,Standard,00:59,3,3.0,Not Done,
28,Beef Heart,4/5,Not Done,0,My Way,Beef Heart Sausage,zvf3cHxkIRo,Standard,05:00,4,4.0,Not Done,
29,Strawberry,0/5,Not Done,1,- No Song -,Popcorn Sausage,zvf3cHxkIRo,Standard,01:03,0,0.0,Not Done,
30,MRE: Rib-shaped BBQ Patties,Disqualified,Not Done,1,"Pure Imagination, Fly Me To The Moon, Wonderwall",MRE Sausage Livestream,8YqWMJVp8A0,Livestream Recording,60:31,Disqualified,,Not Done,
31,MRE: White Chicken Chunks,0/5,Yes,1,"Take On Me, Country Roads, Baby Shark, Africa, Barbara Ann, Big Iron, Killer Queen, Billie Jean, Rasputin, Beat it",MRE Sausage Livestream,8YqWMJVp8A0,Livestream Recording,60:31,0,0.0,Yes (No Rating),
32,Marie Calendar's Chicken Pot Pie,2/5,Yes,1,- No Song -,Marie Calendar's Chicken Pot Pie Sausage,wpJbAZH68Ps,Standard,02:54,2,2.0,Yes (No Rating),
33,Hot Dog,1/5,Yes,0,- No Song -,Hot Dog Sausage,fCBtHbjek04,Standard,01:02,1,1.0,Yes (No Rating),
34,An Entire Fish,0/5,Not Done,0,"Take Me to the River, Entry Of The Gladiators",An Entire Fish Sausage,q3keZ0KAYNo,Standard,05:32,0,0.0,Not Done,
35,Candy,1/5,Not Done,1,- No Song -,Candy Sausage,ox0P8fDde90,Standard,01:09,1,1.0,Not Done,
36,Panda Express Orange Chicken Redux,3/5,Not Done,1,- No Song -,Panda Express Orange Chicken Sausage Redux,U5bZ97bKFbM,Standard,04:26,3,3.0,Not Done,
37,Panda Express Orange Chicken and Honeynut Shrimp,2/5,Not Done,1,- No Song -,Panda Express Orange Chicken Sausage Redux,U5bZ97bKFbM,Standard,04:26,2,2.0,Not Done,
38,Panda Express Honeynut Shrimp,1/5,Not Done,1,- No Song -,Panda Express Orange Chicken Sausage Redux,U5bZ97bKFbM,Standard,01:08,1,1.0,Not Done,
39,Ice,1/5,Not Done,1,- No Song -,Ice Sausage,jM26FaLgPPw,Standard,01:09,1,1.0,Not Done,
40,Little Caesars $5 Hot-N-Ready Pepperoni Pizza,3/5,Not Done,0,Piano Man,Little Caesars $5 Hot-N-Ready Pepperoni Pizza but as a Sausage,JBsVY2Nb-FU,Standard,04:11,3,3.0,Not Done,
41,New England Clam Chowder,Disqualified,Not Done,1,Islands In The Stream,New England Clam Chowder but as a Sausage,hrPuJIfFe9k,Standard,01:00,Disqualified,,Not Done,
42,Chicken Tikka Masala,5/5,Yes,1,I Want To Know What Love Is,Chicken Tikka Masala Sausage,dckhsVvbNTU,Standard,03:48,5,5.0,Yes (No Rating),
43,Cooked Bacon,1/5,Not Done,0,- No Song -,Bacon Sausage,VFgAobE4rDo,Standard,04:34,1,1.0,Not Done,
44,Raw Bacon,0/5,Not Done,1,- No Song -,Bacon Sausage,VFgAobE4rDo,Standard,04:34,0,0.0,Not Done,
45,Air,0/5,Not Done,0,- No Song -,Air Sausage,mU59p0R01mM,Standard,01:07,0,0.0,Not Done,
46,Subway Marinara Meatball Sub,0/5,No,0,- No Song -,Subway Sausage: Special YouTube Celebrity Edition,zPkeG5Uwkcs,YouTube Celebrity Special,05:09,0,0.0,No (No Rating),
47,Peanut Butter and Jelly Sandwich,2/5,Not Done,1,"Mr. Sandman, Escape (The Pina Colada Song)",Peanut Butter and Jelly Sandwich Sausage,QX3yr4Xx9FM,Standard,03:35,2,2.0,Not Done,
48,Grilled Ribeye Steak,4/5,Not Done,1,I Would Do Anything For Love,Grilled Ribeye Steak Sausage,F82kzN-ae3o,Standard,03:14,4,4.0,Not Done,
49,Ice Cream Sandwich,4/5,Not Done,0,Africa,Ice Cream Sandwich Sausage,xyhXx4RPS4Y,Standard,02:28,4,4.0,Not Done,
50,McDonald's Filet-O-Fish,3/5,Yes,0,Ernie and Rubber Duckie,McDonald's Filet-O-Fish Sausage,N7g3r-smV4w,Standard,04:24,3,3.0,Yes (No Rating),
51,White Castle Cheeseburger Slider,5/5,Not Done,1,Ain't No Mountain High Enough,White Castle Sausage,r2JODJMGYHw,Standard,03:16,5,5.0,Not Done,
52,Hungry-Man Salisbury Steak,2/5,Yes,1,Solsbury Hill,Hungry-Man Salisbury Steak But As A Sausage,2igWj4r8l2w,Standard,03:59,2,2.0,Yes (No Rating),
53,Brick of Extra Sharp Cheddar Cheese,0/5,Yes,1,- No Song -,Just a Brick of Cheese Sausage,6XsRNwSh-N4,Standard,03:45,0,0.0,Yes (No Rating),
54,Colby and Monterey Jack Cheese Sticks,0/5,Not Done,1,- No Song -,Just a Brick of Cheese Sausage,6XsRNwSh-N4,Standard,03:45,0,0.0,Not Done,
55,Chili,1/5,Yes,1,Puzzle Of My Heart,Chili Sausage,KdZGqHvubM0,Standard,03:43,1,1.0,Yes (No Rating),
56,Mixed Nuts,1/5,Not Done,1,- No Song -,Nuts Sausage,8II4xkjDizs,Standard,03:15,1,1.0,Not Done,
57,Red Lobster Coconut Shrimp,1.5/5,No,1,Closing Time,Red Lobster Coconut Shrimp and Cheddar Bay Biscuit Sausage,g9IM2j1ZfGQ,Standard,04:20,1.5,1.5,No (No Rating),
58,Red Lobster Cheddar Bay Biscuit,1.5/5,No,1,Closing Time,Red Lobster Coconut Shrimp and Cheddar Bay Biscuit Sausage,g9IM2j1ZfGQ,Standard,04:20,1.5,1.5,No (No Rating),
59,McDonald's Travis Scott Meal,3/5,Yes,0,- No Song -,Travis Scott Meal Sausage,q1hDPAseqDQ,Standard,03:49,3,3.0,Yes (No Rating),
60,Raw Meatloaf,4/5,Yes,0,"Bailamos, Never Gonna Give You Up",Meatloaf Sausage: King of the Loafs,abd5kQXePOU,Standard,05:11,4,4.0,Yes (No Rating),
61,Cooked Meatloaf,0/5,Yes,1,"Bailamos, Never Gonna Give You Up",Meatloaf Sausage: King of the Loafs,abd5kQXePOU,Standard,05:11,0,0.0,Yes (No Rating),
62,Slim Jims,0/5,No,0,"Aint No Sunshine, Reading Rainbow Theme",Slim Jim Sausage,pPyOW5q6g8k,Standard,03:25,0,0.0,No (No Rating),
63,Fried Rice,4/5,Yes,1,"Rock The Casbah, Bad Romance",Fried Rice Sausage Live!,mB3fRQyhz60,Livestream Recording,86:08,4,4.0,Yes (No Rating),
64,Key Lime Pie,2/5,Yes,1,- No Song -,Key Lime Pie Sausage,C5lsHkELVoE,Standard,03:29,2,2.0,Yes (No Rating),
65,Pork and Key Lime Pie,0/5,Yes,1,- No Song -,Key Lime Pie Sausage,C5lsHkELVoE,Standard,03:29,0,0.0,Yes (No Rating),
66,Fire (Fireball Whisky and Pork),1/5,Not Done,0,- No Song -,Fire Sausage,k1aV0FBf_8Q,Standard,01:08,1,1.0,Not Done,
67,Hamburger Helper Cheeseburger Macaroni,2.5/5,No,1,Zombie,Hamburger Helper Cheeseburger Macaroni Sausage,xB_0p1JFcok,Standard,04:42,2.5,2.5,No (No Rating),
68,Pumpkin,1/5,Yes,1,"Linger, Monster Mash",Pumpkin Sausage,JLnPDXnAlB0,Holiday Special,03:47,1,1.0,Yes (No Rating),
69,Bull Penis and Testicles,2/5,Yes,0,Creep,"The Bull Sausage (parents, maybe don't show your kids this one)",ZY2IJl1Z468,Holiday Special,04:13,2,2.0,Yes (No Rating),
70,Candy Corn,0/5,Not Done,0,Rudolph the Red Nose Reindeer,Candy Corn Sausage,9XGd8HyiLhs,Holiday Special,03:03,0,0.0,Not Done,
71,Baby Back Ribs,4/5,Yes,0,"The Time Warp, Chapel Of Love, Spooky Scary Skeletons",Baby Back Ribs Sausage,QGKmmq0yQxM,Holiday Special,05:30,4,4.0,Yes (No Rating),
72,Candy Apple and Caramel Apple,2/5,Yes,1,Whip it,Candy Apple Sausage,46B7tlMMrt4,Holiday Special,04:18,2,2.0,Yes (No Rating),
73,Brain,0/5,Yes,0,"Star Spangled Banner, The Black Parade",Brain Sausage,4g23E-gE3hk,Holiday Special,03:41,0,0.0,Yes (No Rating),
74,Panera Autumn Squash and Bread Bowl,0.5/5,Yes,0,The Phantom Of The Opera,Panera Autumn Squash Soup and Bread Bowl Sausage,1iYSDdG6u6w,Holiday Special,03:06,0.5,0.5,Yes (No Rating),
75,Beyond Sausage,5/5,Yes,0,"Love Shack, Master of Puppets, Fly Me To The Moon, Twelve Days Of Christmas, Genie In A Bottle, Rock the Casbah, Creep, Good Vibrations, Wouldn't It Be Nice",Beyond Sausage Sausage Livestream,vJBqP8XNhAU,Livestream Recording,65:10,5,5.0,Yes (No Rating),
76,Blood,3/5,Not Done,0,- No Song -,Blood Sausage,TAAuG_-dfZ4,Holiday Special,03:52,3,3.0,Not Done,
77,A Bag of Halloween Candy,3/5,Not Done,0,- No Song -,A Bag of Halloween Candy Sausage,FXVhhn8W6Bo,Holiday Special,01:07,3,3.0,Not Done,
78,Pumpkin Pie,1/5,No,1,"Monster mash, Sppoky Scary Skeletons, The Lion Sleeps Tonight",Pumpkin Pie Sausage Livestream,7oeWDRSKthg,Livestream Recording,58:00,1,1.0,No (No Rating),
79,Pad Thai,4/5,2,0,"Der Kommissar, Mariner's Revenge Song",Pad Thai Sausage,w8bGKq3oyQ8,Standard,03:36,4,4.0,2/5 Mark Ruffalos,2.0
80,Reuben Sandwich,4/5,4,0,"Reflection, A Girl Worth Fighting For",Reuben Sausage,7JXK1T3nP74,Standard,03:22,4,4.0,4/5 Mark Ruffalos,4.0
81,Oil,0/5,Not Done,0,- No Song -,YouTube Comments Suggestions 1: Oil Sausage,RH1kOgbLqSY,YouTube Comments Suggestions,01:00,0,0.0,Not Done,
82,Pu Pu Platter,3/5,1,0,"In Too Deep, Rio",Pu Pu Platter Sausage,TFwUmulDS0s,Standard,03:48,3,3.0,1/5 Mark Ruffalos,1.0
83,Big Ol' Pepperoni Stick,1/5,4,1,"Make A Move, Funkytown, Axel F (Instrumental)",Just a Big Ol' Pepperoni Stick Sausage,VPHH0ol_SsM,Standard,03:38,1,1.0,4/5 Mark Ruffalos,4.0
84,Butter,0/5,Not Done,1,- No Song -,YouTube Comments Suggestions 2: Butter Sausage,qRSglAEMJ-s,YouTube Comments Suggestions,01:00,0,0.0,Not Done,
85,Surf and Turf (Beef Filet and Scallops),1/5,1,0,Three Princes,Surf and Turf Sausage,QBeknto4DSk,Standard,06: 01,1,1.0,1/5 Mark Ruffalos,1.0
86,Corn Dog,3/5,2,0,Mad World,Corn Dog Sausage,__fZZ0Y_m3k,Standard,04:25,3,3.0,2/5 Mark Ruffalos,2.0
87,MRE: Asian Style Beef Strips,4/5,5,1,"Fruit Salad, Mr. Sandman",MRE Livestream: Asian Style Beef Strips,lP2_0b748LU,Livestream Recording,60:20,4,4.0,5/5 Mark Ruffalos,5.0
88,Thanksgiving Meal,1/5,Not Done,1,- No Song -,A Very Moist Thanksgiving Sausage Special,Ayk9jj-7zAk,Collaboration,12:21,1,1.0,Not Done,
89,Chicken Cordon Bleu,2/5,4,0,"Californication, I Saw Mommy Kissing Santa Claus",Chicken Cordon Bleu Sausage,gHQwvXfvU8Q,Standard,05:02,2,2.0,4/5 Mark Ruffalos,4.0
90,Jalapeno Poppers,3/5,1,0,Don't Cry Out Loud,Jalapeno Poppers Sausage,YoNe1CJqDeg,Standard,05:29,3,3.0,1/5 Mark Ruffalos,1.0
91,Publix Chicken Tinder Sub,1/5,2,0,"Hold On, Every Rose Has Its Thorn",Publix Chicken Tender Sub Sausage,1f-YwAiV3Bc,Standard,05:58,1,1.0,2/5 Mark Ruffalos,2.0
92,Baked Beans,1/5,Not Done,0,- No Song -,YouTube Comments Suggestions #3: Baked Beans Sausage,tovSwFJZgbs,YouTube Comments Suggestions,01:00,1,1.0,Not Done,
93,McDonald's McRib,5/5,5,0,One Jump Ahead (Reprise),McRib Sausage,qAp9nU-0yrw,Standard,04:07,5,5.0,5/5 Mark Ruffalos,5.0
94,Wendy's Baconator,4/5,0.5,1,9 To 5,Baconator Sausage,RuokudkSg-s,Standard,04:13,4,4.0,0.5/5 Mark Ruffalos,0.5
95,Reverse Hot Dog,3/5,Not Done,0,It's the Most Wonderful Time of the Year,YouTube Comments Suggestions 4: Reverse Hot Dog Sausage,Hxjxunvpdlk,YouTube Comments Suggestions,01:00,3,3.0,Not Done,
96,Shrimp and Vegetable Tempura,1/5,Not Done,0,"When a Man Loves a Woman, Santa Claus Is Coming To Town",Shrimp and Vegetable Tempura Sausage,NIq73IsfZXg,Standard,05:09,1,1.0,Not Done,
97,Popeyes Spicy Chicken Sandwich,4/5,1,0,"Too Young To Sing the Blues, The Chicken Dance",Popeyes Spicy Chicken Sandwich Sausage,0oGqxLX8a-0,Standard,04:31,4,4.0,1/5 Mark Ruffalos,1.0
98,Gingerbread House,3/5,0,1,"Santa Clause is Coming to Town, Home for the Holidays, Here Comes Santa Claus, I Have A Little Dreidel, Up On The Housetop, I Won't Back Down",Gingerbread House Sausage Live!,rTsWWSN2fnU,Livestream Recording,61:34,3,3.0,0/5 Mark Ruffalos,0.0
99,Venison,4.5/5,Not Done,0,Can You Feel the Love Tonight,Venison Sausage,6K74DXjzUsQ,Standard,04:55,4.5,4.5,Not Done,
100,Beef Wellington,5/5,2,0,"Let It Snow, Holly Jolly Christmas",Beef Wellington Sausage,Cs3D42VwBR0,Holiday Special,05:32,5,5.0,2/5 Mark Ruffalos,2.0
101,Sausage Casing,0/5,Not Done,0,- No Song -,YouTube Comments Suggestions 5: Sausage Casing Sausage,VqwjPQ1ereo,YouTube Comments Suggestions,01:00,0,0.0,Not Done,
102,Caesar Salad,2/5,5,1,Believe,Caesar Salad Sausage,ASgu6KLAmrE,Standard,05:10,2,2.0,5/5 Mark Ruffalos,5.0
103,Shrimp Cocktail,3.5/5,3,1,"1999, Only Time",500K Sausage,JmecLjjek6s,Milestone Special,04:50,3.5,3.5,3/5 Mark Ruffalos,3.0
104,Mayonaise,0/5,0,1,- No Song -,YouTube Comments Suggestions 6: Mayonnaise Sausage,Gr_zAtxRvEE,YouTube Comments Suggestions,01:00,0,0.0,0/5 Mark Ruffalos,0.0
105,Chicago-Style Deep Dish Pizza,5/5,1,1,Dancing Queen,Chicago-Style Deep Dish Pizza Sausage,Tv72xs8U0F8,Standard,04:11,5,5.0,1/5 Mark Ruffalos,1.0
106,Gyro,3/5,No,0,"We Didn't Start The Fire, In Summer",Gyro Sausage,LQ9UT-UEt-A,Standard,04:42,3,3.0,No (No Rating),
107,Onion,0/5,5,1,Love Rollercoaster,Onion Sausage,eeIC6uJYo3I,YouTube Comments Suggestions,01:00,0,0.0,5/5 Mark Ruffalos,5.0
108,BBQ Beef Brisket,3.5/5,1,1,I Don't Want to Wait,BBQ Beef Brisket Sausage,soztbrXqJ2k,Standard,05:05,3.5,3.5,1/5 Mark Ruffalos,1.0
109,Burger King's Whopper,2/5,2,1,"Everything's Coming Up Roses, Come To My Window",Whopper Sausage vs Impossible Whopper Sausage,ofvdMLW2Tg4,Standard,05:00,2,2.0,2/5 Mark Ruffalos,2.0
110,Burger King's Impossible Whopper,2/5,2,1,"Everything's Coming Up Roses, Come To My Window",Whopper Sausage vs Impossible Whopper Sausage,ofvdMLW2Tg4,Standard,05:00,2,2.0,2/5 Mark Ruffalos,2.0
111,Banana,1/5,Not Done,1,Banana Phone,YouTube Comments Suggestions 8: Banana Sausage,_hnXFsUGe8g,YouTube Comments Suggestions,01:00,1,1.0,Not Done,
112,Chef Boyardee Beef Ravioli,2.5/5,4,1,YMCA,Chef Boyardee Beef Ravioli Sausage,s4WI9zeJjz4,Standard,04:37,2.5,2.5,4/5 Mark Ruffalos,4.0
113,Sonic Footlong Chili Dog,5/5,1,1,"Soak Up the Sun, Waterfalls",Sonic Footlong Chili Dog Sausage,OH7ZZQcw7tI,Standard,03:42,5,5.0,1/5 Mark Ruffalos,1.0
114,Cinnamon Roll (Ground),4/5,Not Done,1,- No Song -,Cinnamon Roll Sausage,9LblZcUQsqY,YouTube Comments Suggestions,01:00,4,4.0,Not Done,
115,Cinnamon Roll (Baked),0/5,Not Done,1,- No Song -,Cinnamon Roll Sausage,9LblZcUQsqY,YouTube Comments Suggestions,01:00,0,0.0,Not Done,
116,Cinnamon Roll (Raw),0/5,Not Done,1,- No Song -,Cinnamon Roll Sausage,9LblZcUQsqY,YouTube Comments Suggestions,01:00,0,0.0,Not Done,
117,Shepherd's Pie,3/5,2.5,0,"Danny Boy, With Or Without You, We Didn't Start The Fire",Shepherd's Pie Sausage,noUl0VUhYns,Standard,06:47,3,3.0,2.5/5 Mark Ruffalos,2.5
118,Alligator,4/5,2,0,"Crocodile Rock, Sunrise",Alligator Sausage,W1uiCW7EDeg,Standard,04:03,4,4.0,2/5 Mark Ruffalos,2.0
119,Oreo,1/5,Not Done,1,Another One Bites the Dust,YouTube Comments Suggestions 10: Oreo Sausage,2LWvq9SVetc,YouTube Comments Suggestions,01:00,1,1.0,Not Done,
120,Full English Breakfast,1.5/5,1,1,"The Pirates of Penzance: Act I. 'I am the very model of a modern Major-General', Octopus’s Garden",Full English Breakfast Sausage,lClgYiYqnD8,Standard,05:02,1.5,1.5,1/5 Mark Ruffalos,1.0
121,Spam,0/5,No,1,"Walking on Sunshine, Personal Jesus",Spam Sausage,aw_1N0RKoc4,Standard,04:18,0,0.0,No (No Rating),
122,Garlic,0/5,No,0,- No Song -,YouTube Comments Suggestions 11: Garlic Sausage,Y8Y2uP5qhFI,YouTube Comments Suggestions,01:00,0,0.0,No (No Rating),
123,Lasagna,1.5/5,3,1,"Listen To The Music, Breakfast At Tiffany's",Lasagna Sausage,iLykeLINlrY,Standard,05:27,1.5,1.5,3/5 Mark Ruffalos,3.0
124,Panda Express Broccoli Beef,2.5/5,5,0,"Smells Like Teen Spirit, Chip 'N Dale's Rescue Rangers Theme",Panda Express Broccoli Beef Sausage,_VSuY2gXFN8,Standard,04:32,2.5,2.5,5/5 Mark Ruffalos,5.0
125,Poptart,1/5,Not Done,1,- No Song -,YouTube Comments Suggestions 12: Strawberry Poptart Sausage,Soz0m3c6G_I,YouTube Comments Suggestions,01:00,1,1.0,Not Done,
126,Tuna Salad Sandwich,2/5,1,0,"I Kissed A Girl, Superstition",Tuna Salad Sandwich Sausage,ZzCW37-k8h4,Standard,04:21,2,2.0,1/5 Mark Ruffalos,1.0
127,Mac and Cheese,2/5,4,0,"I Kissed A Girl, Hush Little Baby, Don't Say a Word",Mac and Cheese Sausage Live!,2rzDcXrVJwY,Livestream Recording,66:11,2,2.0,4/5 Mark Ruffalos,4.0
128,McDonald's Spicy McNuggets,3.5/5,3,0,"Blister in the Sun, Foresty Forest Song",Spicy McNugget Sausage,XxIlcE5-KDA,Standard,04:12,3.5,3.5,3/5 Mark Ruffalos,3.0
129,Nutella,4/5,Not Done,1,- No Song -,YouTube Comments Suggestions 13: Nutella Sausage,6mn9mx_jg7Q,YouTube Comments Suggestions,01:00,4,4.0,Not Done,
130,Snow Crab Legs,1/5,No,0,"Hot Hot Hot, I Want It That Way",Snow Crab Legs Sausage,-qXa4ayll4M,Standard,05:25,1,1.0,No (No Rating),
131,Fully Loaded Baked Potato,3/5,2,1,"Paint It Black, Semi-Charmed Life",Fully Loaded Baked Potato Sausage,XEBl4Co6-IA,Standard,04:51,3,3.0,2/5 Mark Ruffalos,2.0
132,Cereal,2/5,Not Done,0,- No Song -,YouTube Comments Suggestions 14: Cereal Sausage,VE6fCEcZfHM,YouTube Comments Suggestions,01:00,2,2.0,Not Done,
133,Jambalaya,3.5/5,5,1,House Of The Rising Sun,Jambalaya Sausage,wKURDm_f5i0,Standard,03:56,3.5,3.5,5/5 Mark Ruffalos,5.0
134,Go-Gurt,0/5,5,1,- No Song -,YouTube Comments Suggestions 15: Go-Gurt Sausage,LRqxMb9ORfo,YouTube Comments Suggestions,01:00,0,0.0,5/5 Mark Ruffalos,5.0
135,Spicy Kimchi and Pork,5/5,1,0,Loser,Spicy Kimchi Sausage,8AFvnMNUIQs,Standard,03:40,5,5.0,1/5 Mark Ruffalos,1.0
136,Sushi Redux,0/5,No,0,- No Song -,Should You Buy It? | Sushi Gadgets,oW45kiWGr60,Should You Buy It?,05:51,0,0.0,No (No Rating),
137,Thick Water,0/5,5,0,- No Song -,YouTube Comments Suggestions 16: Thick Water Sausage,HzVM4SDDjjg,YouTube Comments Suggestions,01:00,0,0.0,5/5 Mark Ruffalos,5.0
138,Taco Bell Crunchwrap Supreme,1/5,Yes,1,Come As You Are,Crunchwrap Supreme Sausage,Cw-b3iw9qR0,Standard,04:03,1,1.0,Yes (No Rating),
139,Apples and Potatoes,1/5,Yes,1,Like A Virgin,Should You Buy It? | Episode 3 | Peeler Gadgets,a_hwmxZ1pxQ,Should You Buy It?,06:17,1,1.0,Yes (No Rating),
140,Mrs. Butterworth's Original Syrup,0/5,4,0,Greased Lightning,YouTube Comments Suggestions | Syrup Sausage,Zi8qrt8Sl2Y,YouTube Comments Suggestions,01:00,0,0.0,4/5 Mark Ruffalos,4.0
141,Japanese A5 Wagyu Beef (Cooked),1/5,2,1,In-A-Gadda-Da-Vida,Japanese A5 Wagyu Sausage,MYhU_nL0_m4,Standard,05:30,1,1.0,2/5 Mark Ruffalos,2.0
142,Japanese A5 Wagyu Beef (Raw),0/5,2,0,In-A-Gadda-Da-Vida,Japanese A5 Wagyu Sausage,MYhU_nL0_m4,Standard,05:30,0,0.0,2/5 Mark Ruffalos,2.0
143,Eggs Medley (With Hint of Chemicals),3.5/5,Yes,1,"Gonna Fly Now, Ms. Jackson",Should You Buy It? | Egg Gadgets,TrQ6zwIX7Ds,Should You Buy It?,07:48,3.5,3.5,Yes (No Rating),
144,Donuts,0/5,Not Done,1,- No Song -,YouTube Comments Suggestions | Donut Sausage,Lol6EweQNeQ,YouTube Comments Suggestions,01:00,0,0.0,Not Done,
145,Roast Duck with Orange Sauce,3/5,5,0,Any Way You Want It,Roast Duck Sausage,r6qtbs9SsKw,Standard,05:58,3,3.0,5/5 Mark Ruffalos,5.0
146,Beef Jerky,0/5,Not Done,0,- No Song -,Beef Jerky Sausage,u5Ge2KPJkus,Standard,04:07,0,0.0,Not Done,
147,Jello,0/5,Not Done,0,- No Song -,YouTube Comments Suggestions | Jello Sausage,dnmUfs3SB7c,YouTube Comments Suggestions,01:00,0,0.0,Not Done,
148,Ratatouille,0/5,3,1,A Natural Woman,Ratatouille Sausage,443KUjcJPrM,Standard,04:51,0,0.0,3/5 Mark Ruffalos,3.0
149,Chick-Fil-A Spicy Chicken Sandwich,5/5,Yes,0,The Lady in Red,Chick-Fil-A Sausage,DR0rrwR9zs8,Standard,04:18,5,5.0,Yes (No Rating),
150,Cheesecake,1/5,1,0,You Make My Dreams Come True,Cheesecake Sausage,v_FYdtHX7sc,YouTube Comments Suggestions,01:00,1,1.0,1/5 Mark Ruffalos,1.0
151,Liver and Onions,3/5,0.5,1,"Signed Sealed Delivered I'm Yours, Keep It Comin' Love",Liver and Onions Sausage,u_pZrlv_IMw,Standard,04:20,3,3.0,0.5/5 Mark Ruffalos,0.5
152,Grilled Cheese and Tomato Soup,1.5/5,2,1,- No Song -,Grilled Cheese and Tomato Soup Sausage Live! / We are back!,DrTGqx4oZSM,Livestream Recording,20:37,1.5,1.5,2/5 Mark Ruffalos,2.0
153,Nachos Grande,2.5/5,2,1,"Karma Chameleon, Hold On Tight",Nachos Grande Sausage,Uif-91QyUpc,Standard,04:08,2.5,2.5,2/5 Mark Ruffalos,2.0
154,Sweet Baby Ray's BBQ Sauce,Disqualified,6,1,- No Song -,Sweet Baby Ray's BBQ Sauce Sausage,ygG4ObYvkCo,YouTube Comments Suggestions,01:00,Disqualified,,6/5 Mark Ruffalos,6.0
155,Salmon Coulibiac,1/5,Yes,0,"Knock On Wood, Rasputin",Salmon Coulibiac Sausage,WVeQT9OvIoc,Standard,04:08,1,1.0,Yes (No Rating),
156,Long John Silvers Fried Seafood Bonanza,3.5/5,1,1,Three Times A Lady,Long John Silvers Fried Seafood Bonanza Sausage,eXJCkkJgl-c,Standard,04:05,3.5,3.5,1/5 Mark Ruffalos,1.0
157,Earth,0/5,2,0,- No Song -,Earth Sausage,R-MWRl6VsaY,YouTube Comments Suggestions,01:00,0,0.0,2/5 Mark Ruffalos,2.0
158,IKEA Swedish Meatballs and Noodles,2.5/5,4,1,Witchcraft,IKEA Swedish Meatballs Sausage,ueUaPEJKBh0,Standard,04:24,2.5,2.5,4/5 Mark Ruffalos,4.0
159,"Boston Market (Chicken, Cornbread, Corn, Potatoes)",3.5/5,1,1,"Where Is My Mind, Go Down Moses",Boston Market Sausage,ZyVPo0Hmseo,Standard,04:34,3.5,3.5,1/5 Mark Ruffalos,1.0
160,Goldfish Crackers,0/5,4,1,- No Song -,Goldfish Crackers Sausage,liM1lW0W4TE,YouTube Comments Suggestions,01:00,0,0.0,4/5 Mark Ruffalos,4.0
161,Beef Bourguignon,3.5/5,5,0,"Movin’ On Up, California Love",Beef Bourguignon Sausage,H41SIej-WmU,Standard,05:37,3.5,3.5,5/5 Mark Ruffalos,5.0
162,Culver's Butterburger and Fried Cheese Curds,5/5,Yes,0,Call Me Maybe,I Turned Culver's ButterBurger and Fried Cheese Curds into a Sausage,YKDEwXpjixY,Standard,05:19,5,5.0,Yes (No Rating),
163,Pizza Lunchables,4/5,Not Done,0,- No Song -,Pizza Lunchables Sausage,EaRjfa3zOaY,YouTube Comments Suggestions,01:00,4,4.0,Not Done,
164,Six Types of Johnsonville Sausages,5/5,Yes,0,"Captain Planet Theme Song, One More Time, Died in Your Arms, Down with The Sickness",Johnsonville Sausage Medley Sausage,3CF03IFruyU,Standard,05:12,5,5.0,Yes (No Rating),
165,"McDonald's Bacon, Egg, and Cheese McGriddle",5/5,Yes,0,"The Wells Fargo Wagon, The Freshmaker Mentos Jingle","McDonald's Bacon, Egg, and Cheese McGriddle Sausage",KcoOFqc9_8c,Standard,04:12,5,5.0,Yes (No Rating),
166,Canned Sardines,0/5,5,0,- No Song -,Canned Sardines Sausage,fBoJFhijz3Y,YouTube Comments Suggestions,01:00,0,0.0,5/5 Mark Ruffalos,5.0
167,Charred Cookout and Johnsonville Medley Sausages,0.5/5,Not Done,1,- No Song -,A Very Moist Cookout Sausage Special,L_3OU9qWlUI,Collaboration,08:15,0.5,0.5,Not Done,
168,Street Tongue Tacos,3.5/5,Yes,0,Ring Of Fire,Street Tongue Tacos Sausage,FoIxoyIRN4Q,Standard,04:55,3.5,3.5,Yes (No Rating),
169,Popped Popcorn,0/5,5,0,- No Song -,Popcorn Sausage Revisited,yfn3TLqzamg,YouTube Comments Suggestions,01:00,0,0.0,5/5 Mark Ruffalos,5.0
170,Country Fried Steak,4.5/5,1,0,The Long and Winding Road,Country Fried Steak Sausage,HeAheiAk7V8,Standard,05:11,4.5,4.5,1/5 Mark Ruffalos,1.0
171,Lamb Kebabs and Stuffed Grape Leaves,4/5,4,0,Cats In The Cradle,Lamb Kebabs Sausage,y00eoJOT8gw,Standard,05:40,4,4.0,4/5 Mark Ruffalos,4.0
172,Mountain Dew and Doritos,0/5,4,1,- No Song -,Gamer Sausage: Mountain Dew and Doritos,KOfUvuY660o,YouTube Comments Suggestions,01:00,0,0.0,4/5 Mark Ruffalos,4.0
173,Crab Cake,3/5,3,0,Under The Sea,Crab Cake Sausage,WV7FIG95Gh4,Standard,06:23,3,3.0,3/5 Mark Ruffalos,3.0
174,Wawa Philly Cheesesteak,5/5,3,0,Seven Nation Army,Wawa Philly Cheesesteak Sausage,ONu0XXeyGp8,Standard,05:12,5,5.0,3/5 Mark Ruffalos,3.0
175,S'mores,1/5,Not Done,0,- No Song -,S'mores Sausage,IwpKXXhMyxY,YouTube Comments Suggestions,01:00,1,1.0,Not Done,
176,Yak,6/5,1,0,Once in a Lifetime,Making Yak Sausage with an Antique Meat Grinder,NPBc68C3Tg4,Standard,05:50,6,6.0,1/5 Mark Ruffalos,1.0
177,7-Eleven Foods,1.5/5,1,1,- No Song -,I went to 7-Eleven and made a Sausage with their food,wTG7K9JO1gQ,Standard,05:22,1.5,1.5,1/5 Mark Ruffalos,1.0
178,Cookie Dough,0/5,2,1,- No Song -,Cookie Dough Sausage,ZkqzDs9jIKU,YouTube Comments Suggestions,01:00,0,0.0,2/5 Mark Ruffalos,2.0
179,Stuffed Mushrooms,1/5,1,1,- No Song-,Stuffed Mushrooms Sausage,4QX0TDio8wY,Standard,03:24,1,1.0,1/5 Mark Ruffalos,1.0
180,Healthy Choice Chicken Marsala,2/5,5,1,This Cloud,Battle of the Frozen Meals Sausage,LkY_TttvxSw,Standard,05:28,2,2.0,5/5 Mark Ruffalos,5.0
181,Lean Cuisine Chicken Marsala,1/5,5,1,This Cloud,Battle of the Frozen Meals Sausage,LkY_TttvxSw,Standard,05:28,1,1.0,5/5 Mark Ruffalos,5.0
182,Salt,0/5,Not Done,0,- No Song -,Salt Sausage,FKDhWLLzv-g,YouTube Comments Suggestions,01:00,0,0.0,Not Done,
183,Stuffed Cabbage Rolls,4/5,3,0,Welcome To The Jungle,Stuffed Cabbage Rolls Sausage,pg9BXgySCqQ,Standard,04:34,4,4.0,3/5 Mark Ruffalos,3.0
184,Deviled Eggs,0.5/5,4,0,Santeria,Deviled Eggs Sausage,dM-7Q6xK5gk,Standard,05:41,0.5,0.5,4/5 Mark Ruffalos,4.0
185,Cotton Candy,0/5,Not Done,0,- No Song -,Cotton Candy Sausage,nxraLRC4Jz8,YouTube Comments Suggestions,01:00,0,0.0,Not Done,
186,Chicken and Waffles,2/5,1,0,"We Built This City, War",Chicken and Waffles Sausage,1Al1EVZAiAM,Standard,05:27,2,2.0,1/5 Mark Ruffalos,1.0
187,Just Sous Vide,4/5,Not Done,0,- No Song -,Sous Vide Sausage,rl8C1gfhn8w,Standard,03:59,4,4.0,Not Done,
188,Sous Vide with Sear,5/5,Not Done,0,- No Song -,Sous Vide Sausage,rl8C1gfhn8w,Standard,03:59,5,5.0,Not Done,
189,Boiled with Sear,4.5/5,Not Done,0,- No Song -,Sous Vide Sausage,rl8C1gfhn8w,Standard,03:59,4.5,4.5,Not Done,
190,Habanero,0/5,5,0,- No Song -,Habanero Sausage,sYuQSr34yvk,YouTube Comments Suggestions,01:00,0,0.0,5/5 Mark Ruffalos,5.0
191,Guacamole,Disqualified,3,1,Lullaby,Guacamole Sausage,h_tZLo3Z2O4,Standard,04:02,Disqualified,,3/5 Mark Ruffalos,3.0
192,Fried Mozzarella Sticks,4/5,1,1,Run-Around,Fried Mozzarella Sticks Sausage,mHf5LxakShg,Standard,05:32,4,4.0,1/5 Mark Ruffalos,1.0
193,Cup of Noodles,1/5,5,0,- No Song -,Cup of Noodles Sausage,v2IZxFbpv0c,YouTube Comments Suggestions,01:00,1,1.0,5/5 Mark Ruffalos,5.0
194,Lamb Chops,4/5,0,0,Such Great Heights,Lamb Chomps Sausage,ph0hjjN__gE,Standard,04:16,4,4.0,0/5 Mark Ruffalos,0.0
195,Meatballs with Bulgogi-Sauce,4/5,Not Done,0,Knockin' on Heavens Door,Wendy's Chili Cheese Fries Sausage,WyBp2kx7ZRI,Standard,04:23,4,4.0,Not Done,
196,Wendy's Chili Cheese Fries,2.5/5,1,0,Knockin' on Heavens Door,Wendy's Chili Cheese Fries Sausage,WyBp2kx7ZRI,Standard,04:23,2.5,2.5,1/5 Mark Ruffalos,1.0
197,Fat,0/5,3,0,- No Song -,Oops All Fat Sausage,ZoqqzS1fFO8,YouTube Comments Suggestions,01:00,0,0.0,3/5 Mark Ruffalos,3.0
198,Lobster Mac n Cheese,2/5,1,0,I Wanna Kiss You All Over,Lobster Mac n Cheese Sausage,0-NIiXcDFYA,Standard,04:26,2,2.0,1/5 Mark Ruffalos,1.0
199,Olive Garden Tour of Italy,2/5,1,1,She's Always a Woman,Olive Garden Tour of Italy Sausage,lJJWLDinbQw,Standard,05:18,2,2.0,1/5 Mark Ruffalos,1.0
200,Mrs Sausage's Frozen Bread Sausage,2/5,Not Done,0,- No Song -,Mrs Sausage's Frozen Bread Sausage,sLxiat2LSA0,YouTube Comments Suggestions,01:00,2,2.0,Not Done,
201,Ostrich,3.5/5,1,0,Rocky Top,Ostrich Sausage,onVAkvB5_jI,Standard,05:12,3.5,3.5,1/5 Mark Ruffalos,1.0
202,Jack Daniels BBQ Pulled Pork Sausage,2/5,0,0,Gimme shelter,Jack Daniels BBQ Pulled Pork Sausage,Y3zNi686HHo,Standard,04:58,2,2.0,0/5 Mark Ruffalos,0.0
203,Gummy Bears,Disqualified,Not Done,1,- No Song -,Gummy Bears Sausage,xbcX2fNtjGE,YouTube Comments Suggestions,01:01,Disqualified,,Not Done,
204,Pineapple Fried Rice,Disqualified,5,1,Wouldn’t It Be Nice,Pineapple Fried Rice Sausage,HPf32r1LIwY,Standard,04:00,Disqualified,,5/5 Mark Ruffalos,5.0
205,Fried Chicken Gizzards,1.5/5,2,0,You Sexy Thing,Fried Chicken Gizzards Sausage,hb1G4VTMecY,Standard,04:22,1.5,1.5,2/5 Mark Ruffalos,2.0
206,Black Pepper,0/5,5,0,- No Song -,Black Pepper Sausage,kVk2G6zSB-k,YouTube Comments Suggestions,01:01,0,0.0,5/5 Mark Ruffalos,5.0
207,Eggs Benedict,4/5,2,0,Collide,Eggs Benedict Sausage,OkF47VdCf4g,Standard,03:02,4,4.0,2/5 Mark Ruffalos,2.0
208,Skyline Chili 3 Way,2/5,4,1,Basket Case,Skyline Chili 3 Way Sausage,Ub6z6UwDYGQ,Standard,05:27,2,2.0,4/5 Mark Ruffalos,4.0
209,Raisin,0/5,1.5,0,- No Song -,Raisin Sausage,BZDzvS1lSVY,YouTube Comments Suggestions,01:01,0,0.0,1.5/5 Mark Ruffalos,1.5
210,Fried Catfish,5/5,2,0,Black water,Fried Catfish Sausage,e6U4vtHg-JI,Standard,02:22,5,5.0,2/5 Mark Ruffalos,2.0
211,BLT,4/5,1.5,0,- No Song -,BLT Sausage,Q6QQRHbkbh4,Standard,04:43,4,4.0,1.5/5 Mark Ruffalos,1.5
212,Skittles,0/5,Not Done,0,- No Song -,Skittles Sausage,BBRdTIaR_hE,YouTube Comments Suggestions,01:01,0,0.0,Not Done,
213,Scotch Egg,3/5,2,0,Peaches,Scotch Egg Sausage,BxKUrlVzgR4,Standard,03:15,3,3.0,2/5 Mark Ruffalos,2.0
214,Steak and Potatoes,2.5/5,2,0,Our House,Steak and Potatoes Sausage,rdvwh-6aLR8,Standard,03:52,2.5,2.5,2/5 Mark Ruffalos,2.0
215,Toothpaste,0/5,Not Done,0,- No Song -,Toothpaste Sausage,RA7-plm7fJA,YouTube Comments Suggestions,01:01,0,0.0,Not Done,
216,Hungarian Goulash,3/5,2,1,Save Tonight,Hungarian Goulash Sausage,cyhEtIi8IAQ,Standard,03:31,3,3.0,2/5 Mark Ruffalos,2.0
217,"McDonald’s Land, Sea, and Air Burger",1.5/5,1,0,Beautiful,"McDonald’s Land, Sea, and Air Burger Sausage",ZT2K9Bd76tY,Standard,04:07,1.5,1.5,1/5 Frank Oz’s,1.0
218,Potato Chips,0/5,3,0,- No Song -,Potato Chip Sausage,TJdL71ZAJJ4,YouTube Comments Suggestions,01:01,0,0.0,3/5 Mark Ruffalos,3.0
219,Ham,3/5,Not Done,0,- No Song -,Lunch Meat Tier List Sausage,y34xq89g1-k,Tier List,03:22,3,3.0,Not Done,
220,Salami,3/5,Not Done,0,- No Song,Lunch Meat Tier List Sausage,y34xq89g1-k,Tier List,03:22,3,3.0,Not Done,
221,Turkey,3/5,Not Done,0,- No Song,Lunch Meat Tier List Sausage,y34xq89g1-k,Tier List,03:22,3,3.0,Not Done,
222,Bologna,3/5,4,0,- No song,Lunch Meat Tier List Sausage,y34xq89g1-k,Tier List,03:22,3,3.0,4/5 Mark Ruffalos,4.0
223,Crispy Chicken Sandwich Taco,4/5,1,0,Stacy’s Mom,Taco Bell Crispy Chicken Sandwich Taco Sausage,TiVqpRl-f1I,Standard,04:13,4,4.0,1/5 Frank Oz’s,1.0
224,Peanut butter,0/5,Not Done,1,Coming Around Again,Peanut Butter Sausage,LzJIS9-ZaHQ,YouTube Comments Suggestions,01:01,0,0.0,Not Done,
225,Braised Beef Short Ribs,4/5,4,1,White Rabbit,Braised Beef Short Ribs Sausage,27goy1P-qVo,Standard,04:08,4,4.0,4/5 Mark Ruffalos,4.0
226,2x Spicy Noodle,3/5,2,0,Un-Break My Heart,2x Spicy Noodles Sausage,QyVYLmhG4lk,Standard,04:30,3,3.0,2/5 Mark Ruffalos,2.0
227,Lucky Charms Marshmallows,3/5,2,0,- No Song -,Lucky Charms Marshmallows Sausage,9piF9okIQZc,YouTube Comments Suggestions,01:01,3,3.0,2/5 Mark Ruffalos,2.0
228,Chicken a la King,2/5,5,0,September,Chicken a la King Sausage,KHYRo-iSZoA,Standard,02:46,2,2.0,5/5 Mark Ruffalos,5.0
229,Chicken Wings,1/5,2,1,I Swear,Chicken Wings Sausage,t24H3I68DFE,Standard,04:38,1,1.0,2/5 Mark Ruffalos,2.0
230,lil Debbie’s Cosmic Brownie,0/5,Not Done,1,- No Song -,lil Debbie’s Cosmic Brownie Sausage,qKq2wgZg2gA,YouTube Comments Suggestions,01:01,0,0.0,Not Done,
231,Tuna Noodle Casserole,1.5/5,1,1,Crazy Train,Tuna Noodle Casserole Sausage,uojFWGMPtvg,Standard,02:37,1.5,1.5,1/5 Mark Ruffalos,1.0
232,Stuffed Peppers,2.5/5,4,1,Under the Bridge,Stuffed Pepper Sausage,lA6AVUayWzc,Standard,04:01,2.5,2.5,4/5 Mark Ruffalos,4.0
233,Trail Mix,4/5,0.5,0,- No Song -,Trail Mix Sausage,nEicHsyx-BI,YouTube Comments Suggestions,01:01,4,4.0,0.5/5 Mark Ruffalos,0.5
234,French toast,4/5,0.5,1,The Beautiful People,French Toast Sausage,zdm4JbYOLJU,Standard,03:43,4,4.0,0.5/5 Mark Ruffalos,0.5
235,Fried Bologna Sandwich,5/5,1,1,Tubthumping,Fried Bologna Sandwich Sausage,amwyuDQFERg,Standard,04:25,5,5.0,1/5 Mark Ruffalos,1.0
236,Diet Coke and Mentos,0/5,Not Done,0,- No Song -,Diet Coke and Mentos Sausage,jUFVY-5T-ck,PoopTube Comments Suggestions,01:01,0,0.0,Not Done,
237,Pigs in a Blanket,5/5,0,1,Jumper,Pigs in a Blanket Sausage,VYrcXQs-avc,Mrs. Sausage Makes a Sausage,05:09,5,5.0,0/5 Mark Ruffalos,0.0
238,Pumpkin Spice,4/5,1,0,Voodoo Chile,Pumpkin Spiced Sausage,qQ1UgTwWDqE,Standard,04:36,4,4.0,1/5 Mark Ruffalos,1.0
239,Dehydrated Wasabi Peas,0/5,5,1,- No Song -,Dehydrated Wasabi Peas Sausage,08k06cAcizI,YouTube Comments Suggestions,01:01,0,0.0,5/5 Mark Ruffalos,5.0
240,Mr Beast Moist Burger,3/5,5,1,Ordinary world,Mr Beast Moist Burger Sausage,S2p40TnFRK4,Standard,03:50,3,3.0,5/5 Mark Ruffalos,5.0
241,Ceviche,5/5,2,1,I Ran,Ceviche Sausage,EdJMTzKmWjs,Standard,04:30,5,5.0,2/5 Mark Ruffalos,2.0
242,Boo Berry Cereal,0/5,1,0,- No Song -,Boo Berry Sausage,fbVt5rtBa90,YouTube Comments Suggestions,01:01,0,0.0,1/5 Mark Ruffalos,1.0
243,Arby’s Meat Mountain,2/5,2,1,Cold as Ice,Arby’s Meat Mountain Sausage,d2QiWDnJG20,Standard,03:47,2,2.0,2/5 Mark Ruffalos,2.0
244,Tomahawk ribeye,3/5,3,0,Who Will Save Your Soul,The Worst Tomahawk Ribeye Ever Made Sausage,_U0Z7gauS2c,Standard,05:55,3,3.0,3/5 Mark Ruffalos,3.0
245,Pumpkin Roll,4/5,1,0,Micheal Myers’s Theme,Pumpkin Roll Sausage,KyQrWrQGYgc,YouTube Comments Suggestions,01:01,4,4.0,1/5 Mark Ruffalos,1.0
246,Sweet Sue’s Canned Chicken and Dumplings,1/5,2,0,Hands,Sweet Sue’s Canned Chicken and Dumplings Sausage,wKfzyPkks68,Standard,03:19,1,1.0,2/5 Mark Ruffalos,2.0
247,Megan Thee Stallion Chicken Sandwich,2/5,1,0,Fergalicious,Megan Thee Stallion Chicken Sandwich Sausage,ULKg1HWtT64,Standard,04:33,2,2.0,1/5 Mark Ruffalos,1.0
248,Horseradish,0/5,4,0,- No Song -,Horseradish Sausage,vY7kOJcu7vA,YouTube Comments Suggestions,01:01,0,0.0,4/5 Mark Ruffalos,4.0
249,Cricket,0/5,0,0,"Just the Two of Us, Everyday, and When You wish upon a star",Cricket Sausage,qTznidutQhg,Standard,03:53,0,0.0,0/5 Mark Ruffalos,0.0
250,Manicotti,3/5,1,1,Bossy,Manicotti Sausage,1SfEvQsvm9s,Mrs. Sausage Makes a Sausage,05:13,3,3.0,1/5 Mark Ruffalos,1.0
251,Portillo’s Italian Beef Sandwich,5/5,1,0,Whatcha say,New House Plus Portillo's Italian Beef Sandwich Sausage,JiIVbAgSPWw,Standard,03:10,5,5.0,1/5 Mark Ruffalos,1.0
252,Loco moco,4/5,2,1,Over the Rainbow,"manscapedpartner

Stop Making Fun of My Kitchen and Loco Moco Sausage",xa4HiIwOi5E,Standard,06:02,4,4.0,2/5 Mark Ruffalos,2.0
253,Hot Giardiniera,Disqualified,5,1,- No Song -,Hot Giardiniera Sausage,80QlcfOiR0A,YouTube Comments Suggestions,01:14,Disqualified,,5/5 Mark Ruffalos,5.0
254,Bagel,1.5/5,1,0,Baby I'm-A-Want-You,Mr. Sausage Official Weigh-in Plus Bagel Sausage,yMyV0vz7dTY,Standard,02:50,1.5,1.5,1/5 Mark Ruffalos,1.0
255,Thai Lettuce Wraps,2.5/5,4,1,(I Just) Died In Your Arms,Thai Lettuce Wraps Sausage,qkhtpt-hRN8,Standard,04:49,2.5,2.5,4/5 Mark Ruffalos,4.0
256,Egg Nog Sausage,0/5,5,0,- No Song -,How to Make a Squirt Gun out of Egg Nog PLUS Egg Nog Sausage,N8cNF6k5lgY,Standard,01:00,0,0.0,5/5 Mark Ruffalos,5.0
257,Holiday Sausage Sampler,1.5/5,No,0,"(There's No Place Like) Home For The Holidays, Aquarius",Setting Up Sausage Studios in the Basement and Holiday Sausage Sampler Sausage,EFei74WEpW0,Holiday Special,03:37,1.5,1.5,No (No Rating),
258,Hanukkah Potato Latke,4/5,1,1,Various Hannukah Songs,Hanukkah Potato Latke Sausage with Neighbor Sam,DZOs0uMTgL4,Holiday Special,09:17,4,4.0,1/5 Mark Ruffalos,1.0
259,Nuts on Clark Caramel Popcorn,Disqualified,Yes,1,Chicago,Nuts on Clark Caramel Popcorn Sausage,_EfasldjwdA,Standard,01:00,Disqualified,,Yes (No Rating),
260,Butter Cookies,2/5,Not Done,0,"Frosty The Snowman, You've Lost That Lovin' Feelin'",Should You Buy It? OXO Good Grips Cookie Press AND Butter Cookies Sausage,xy4b5mY1ASQ,Should You Buy It?,03:35,2,2.0,Not Done,
261,Octopus,0/5,3,0,Only Time,Octopus Sausage,KKfJ2APIOmI,Standard,05:00,0,0.0,3/5 Mark Ruffalos,3.0
262,A Head of Lettuce,0/5,Not Done,0,- No Song -,Twitter Comments Suggestions: A Head of Lettuce Sausage,kT_8LxOkjyQ,Twitter Comments Suggestions,01:00,0,0.0,Not Done,
263,Candle Salad,Disqualified,4,1,"Ebony And Ivory, Too Shy",Candle Salad Sausage,Bs0kYU8EHeE,Standard,03:33,Disqualified,,4/5 Mark Ruffalos,4.0
264,Bacon Wrapped Filet Mignon Puck,5/5,3,0,"Oh Baby I Like it Raw, Nobody Does It Better, The First Noel, You’re a Mean One Mr. Grinch",Bacon Wrapped Filet Mignon Puck Sausage,9xfBlOcWl80,Standard,05:16,5,5.0,3/5 Mark Ruffalos,3.0
265,Fruitcake,0/5,Yes,1,I Saw Mommy Kissing Santa Claus,Fruitcake Sausage,R1isjR2bFaA,YouTube Comments Suggestions,01:00,0,0.0,Yes (No Rating),
266,McDonald's Big Breakfast,4/5,5,0,Electric Boogie,McDonald's Big Breakfast Sausage,rHgokzwC4Lw,Standard,04:02,4,4.0,5/5 Ben Afflecks,5.0
267,Peppermint Candy Cane,5/5,4,0,The Christmas Song,Peppermint Candy Cane Sausage,i3iV_VXIPvo,Standard,06:29,5,5.0,4/5 Mark Ruffalos,4.0
268,Poke Bowl,3/5,3,1,Follow Me,Poke Bowl Sausage,CxGaifEVFIU,YouTube Comments Suggestions,01:00,3,3.0,3/5 Mark Ruffalos,3.0
269,Spiral Cut Honey Glazed Ham,3.5/5,No,0,"(There's No Place Like) Home For The Holidays, September, Little Boxes",Spiral Cut Honey Glazed Ham Sausage,ydVDYeLSeR0,Standard,03:36,3.5,3.5,No (No Rating),
270,Champagne and Caviar,1.5/5,2,0,"I Got A Feeling, Greatest Love of All",Champagne and Caviar Sausage,YbsWB1bKa5E,Holiday Special,06:47,1.5,1.5,2/5 Mark Ruffalos,2.0
271,Twinkie,1/5,0.5,0,You Can Call Me Al,Twinkie Sausage,ihB5a7oC5Zg,Standard,01:00,1,1.0,0.5/5 Mark Ruffalos,0.5
272,Carolina Reaper,0/5,3,0,Dancing on My Own,Carolina Reaper Sausage (1.5 Million Scoville Heat Units),0CpeWMDUpXY,Standard,04:01,0,0.0,3/5 Mark Ruffalos,3.0
273,Flamin' Hot Cheetos,4/5,1,1,"Putting People on the Moon, Don't Speak",Flamin' Hot Cheetos Sausage,jWu9SOExJqw,Standard,04:50,4,4.0,1/5 Mark Ruffalos,1.0
274,Mustard,0/5,5,1,- No Song -,Mustard Sausage,cgPe1ZUYR10,YouTube Comments Suggestions,01:00,0,0.0,5/5 Mark Ruffalos,5.0
275,Sauerkraut,3.5/5,1,0,"I Like It Like That, Don't Stop",Sauerkraut Sausage,wRfSCSFSH0k,Standard,04:14,3.5,3.5,1/5 Mark Ruffalos,1.0
276,Reverse Spaghetti,2.5/5,2,0,Rolling in the Deep,Reverse Spaghetti Sausage,LnptQrIUTws,Standard,06:20,2.5,2.5,2/5 Mark Ruffalos,2.0
277,Flour,0/5,5,0,It's a Long Way to Tipperary,Flour Sausage,n72KxL9q3JA,YouTube Comments Suggestions,01:00,0,0.0,5/5 Mark Ruffalos,5.0
278,Bloody Mary,2/5,3,1,"The Old Grey Maire, Long Cool Woman in a Black Dress, I'll Stand by You",Bloody Mary Sausage,VZY9bwq-zPM,Standard,05:47,2,2.0,3/5 Mark Ruffalos,3.0
279,Pork Chops and Applesauce,1.5/5,3,1,"Movin’ On Up, What A Feeling, All The Small Things, Basket Case",Pork Chops and Applesauce Sausage,jfvMKObABF0,Standard,05:20,1.5,1.5,3/5 Mark Ruffalos,3.0
280,JUST Sauerkraut,1/5,3,0,- No Song -,JUST Sauerkraut Sausage,1m_2tMXNdhI,YouTube Comments Suggestions,01:00,1,1.0,3/5 Mark Ruffalos,3.0
281,Res Bull,3/5,3,0,Proud Mary,Red Bull Sausage,6k2VnT3-cTc,Standard,03:31,3,3.0,3/5 Mark Ruffalos,3.0
282,Chipped Beef on Toast,3.5/5,1,1,- No Song -,Chipped Beef on Toast (SOS) Sausage,Tqd-tmt-FWQ,Standard,04:55,3.5,3.5,1/5 Mark Ruffalos,1.0
283,Lemon,0/5,4,0,- No Song -,Lemon Sausage,Zpd26rkcEyo,Twitter Comments Suggestions,01:00,0,0.0,4/5 Mark Ruffalos,4.0
284,Pickled Pigs Feet,Disqualified,4,1,War Pigs,Pickled Pigs Feet Sausage,0F_8cf09xWM,Standard,02:59,Disqualified,,4/5 Mark Ruffalos,4.0
285,Coffee Beans,0/5,0,0,"Build Me Up Buttercup, Beauty and the Beast",Coffee Beans Sausage,JvhXu07PokM,Standard,05:40,0,0.0,0/5 Mark Ruffalos,0.0
286,Sugar,2/5,3,0,Mandy,Sugar Sausage,K6kMyDiUvMw,YouTube Comments Suggestions,01:00,2,2.0,3/5 Mark Ruffalos,3.0
287,Jeppson's Malört,0/5,3,1,9 to 5,Jeppson's Malört Sausage,f6nVI0T8Or8,Standard,04:25,0,0.0,3/5 Mark Ruffalos,3.0
288,Hot Chocolate,4/5,3,1,- No Song -,Hot Chocolate Sausage,KBp1P5f2AfM,Standard,05:30,4,4.0,3/5 Mark Ruffalos,3.0
289,Bac'n Bits,Disqualified,Not Done,1,No Diggity,Bac'n Bits Sausage,zUImm2wSKFg,YouTube Comments Suggestions,01:00,Disqualified,,Not Done,
290,Fruity Pebbles,3/5,2,0,"You Can Call Me Al, The Flintstones Theme Song",Fruity Pebbles Sausage,v6YJd0Swv3w,Standard,03:28,3,3.0,2/5 Mark Ruffalos,2.0
291,Kangaroo,3.5/5,0.5,0,Have You Seen Her,Kangaroo Sausage,uvaBDjE6N-I,Standard,07:15,3.5,3.5,0.5/5 Mark Ruffalos,0.5
292,Taquitos,4/5,No,0,- No Song -,Taquito Sausage,UbNF0gzjmJw,Standard,05:26,4,4.0,No (No Rating),
293,Whey Protein,1/5,4,1,"Starman, Love Shack",Whey Protein Sausage,9JeJpHppMys,Standard,04:30,1,1.0,4/5 Mark Ruffalos,4.0
294,Crushed Red Pepper,2/5,5,0,- No Song -,Crushed Red Pepper Sausage,q1RhQ1MhvlA,Standard,01:00,2,2.0,5/5 Mark Ruffalos,5.0
295,Canned Tamales,4.5/5,3,1,Mrs. Robinson,Canned Tamales Sausage,_5ZUlhwL5ME,Standard,03:56,4.5,4.5,3/5 Mark Ruffalos,3.0
296,Cuttlefish,2/5,4,1,Satisfaction,Cuttlefish Sausage,tcQI4-Vg_40,Standard,06:19,2,2.0,4/5 Mark Ruffalos,4.0
297,Sprinkles,1/5,5,0,- No Song -,Sprinkles Sausage,asldZIfMgYU,YouTube Comments Suggestions,01:00,1,1.0,5/5 Mark Ruffalos,5.0
298,Dried Shrimp,0/5,1,0,"Under The Sea, If I Had $1000000, Reading Rainbow Theme Song",Dried Shrimp Sausage,9-j9aVpk0F8,Standard,04:30,0,0.0,1/5 Mark Ruffalos,1.0
299,Frog Legs,3/5,1,0,- No Song -,Frog Legs Sausage,0P-gpwMD2ds,Standard,05:23,3,3.0,1/5 Mark Ruffalos,1.0
300,McDonald's Shamrock Shake,0/5,4,1,- No Song -,McDonald's Shamrock Shake Sausage,IIlKC0XRgas,Standard,04:10,0,0.0,4/5 Mark Ruffalos,4.0
301,Cactus,3.5/5,1,1,- No Song -,Cactus Sausage,7gga1S-vG0c,Standard,06:47,3.5,3.5,1/5 Mark Ruffalos,1.0
302,Expired Macaroni Salad,1/5,3,1,- No Song -,Expired Macaroni Salad Sausage,_lyTT-gdt1k,Standard,01:00,1,1.0,3/5 Mark Ruffalos,3.0
303,Vegemite,5/5,4,1,"Down Under, Reunited, Who Can It Be Now?",Vegemite Sausage,gKeVuekMbww,Standard,04:39,5,5.0,4/5 Mark Ruffalos,4.0
304,Sangria,1/5,4,0,The Hokey Pokey,Sangria Sausage,LiLIcgqBMdY,Standard,07:46,1,1.0,4/5 Mark Ruffalos,4.0
305,Honey,Disqualified,0,1,- No Song -,Honey Sausage,m7MBGXgiohg,YouTube Comments Suggestions,01:00,Disqualified,,0/5 Mark Ruffalos,0.0
306,Bubble Gum,1/5,2,0,Epic,Bubble Gum Sausage,t1r748PX_0E,Standard,04:11,1,1.0,2/5 Mark Ruffalos,2.0
307,Creamed Corn,4/5,5,0,Freak on a Leash,Creamed Corn Sausage,3d2xJ1FQB_Y,Standard,05:26,4,4.0,5/5 Mark Ruffalos,5.0
308,Limburger Cheese,4/5,2,1,I’m a Believer,Limburger Cheese Sausage,uD83qtNrkjc,Standard,04:18,4,4.0,2/5 Mark Ruffalos,2.0
309,A1 Steak Sauce,4/5,4,0,Soak Up the Sun,A1 Steak Sauce Sausage,aS3e5fXZpfU,Standard,06:11,4,4.0,4/5 Mark Ruffalos,4.0
310,Vegetable Dip Mix,5/5,1,0,Steal My Sunshine,Vegetable Dip Mix Sausage,k8D_5Txlqag,Standard,04:26,5,5.0,1/5 Mark Ruffalos,1.0
311,Sour Patch Kids,0/5,2,1,Float On,Sour Patch Kids Sausage,gPyP-FYmaJA,Standard,06:08,0,0.0,2/5 Mark Ruffalos,2.0
312,Pickled Eggs,0/5,5,1,Drift Away,Pickled Eggs Sausage,MHqpvAE7pho,Standard,05:48,0,0.0,5/5 Mark Ruffalos,5.0
313,Pop Rocks,2.5/5,1,0,Rock Lobster,Pop Rocksage,boJfpDjNcFw,Standard,06:06,2.5,2.5,1/5 Mark Ruffalos,1.0
314,SpaghettiO's,1/5,3,1,"Oh My Papa, Getting to Know You",SpaghettiO's Sausage,5c6wHH-oFSk,Standard,05:22,1,1.0,3/5 Mark Ruffalos,3.0
315,Beef Flavored Baby Food,3.5/5,2,1,Baby I Love Your Way,Beef Flavored Baby Food Sausage,NMDqrf3zJnw,Standard,05:23,3.5,3.5,2/5 Mark Ruffalos,2.0
316,Tortilla,2/5,Not Done,0,- No Song -,Tortilla Sausage,veGUNOJ_y2w,Standard,01:00,2,2.0,Not Done,
317,Wasabi,2/5,4,0,"Free Fallin’, How To Save A Live",Wasabi Sausage,__SVQyv_Z40,Standard,04:49,2,2.0,4/5 Mark Ruffalos,4.0
318,Cinnamon Toast Crunch,3.5/5,2,1,"How To Save A Life, On the Road Again",Cinnamon Toast Crunch Sausage,cgZc23cTRao,Standard,06:09,3.5,3.5,2/5 Mark Ruffalos,2.0
319,Skirt Steak,3.5/5,1,0,"Once in a Lifetime, Dancing Queen",Skirt Steak Sausage,mYS8qRMH43M,Standard,03:54,3.5,3.5,1/5 Mark Ruffalos,1.0
320,Anchovies,4/5,2,1,Take On Me,Anchovies Sausage,mbrWJlQg-jo,Standard,05:49,4,4.0,2/5 Mark Ruffalos,2.0
321,Instant Chicken Ramen,3/5,0,0,Friday I'm In Love,Instant Chicken Ramen Sausage,Tz6S7myj8yI,Standard,03:34,3,3.0,0/5 Mark Ruffalos,0.0
322,Takis Fuego,2/5,3,1,Something to Talk About,Takis Fuego Sausage,s-ix-ycbazs,Standard,05:09,2,2.0,3/5 Mark Ruffalos,3.0
323,Aloe Vera,4/5,4,1,Wrecking Ball,Aloe Vera Sausage,npqUNDNCDwo,Standard,05:14,4,4.0,4/5 Mark Ruffalos,4.0
324,Tequila,4/5,1,0,In The Summertime,Tequila Sausage,17CKlcMydLI,Apology / Standard,07:08,4,4.0,1/5 Mark Ruffalos,1.0
325,Hash Browns,5/5,Not Done,0,Feed Me (Git It),Hash Browns Sausage,vCRJxcKUhQs,Standard,01:19,5,5.0,Not Done,
326,Arby's Deluxe Wagyu Steakhouse Burger,3/5,1,1,Send Me On My Way,Arby's Deluxe Wagyu Steakhouse Burger,q3nQOJ62LU4,Standard,04:25,3,3.0,1/5 Mark Ruffalos,1.0
327,Mint Jelly,2/5,1,0,Voodoo,Mint Jelly Sausage,bITa-TQFPGg,Standard,05:37,2,2.0,1/5 Mark Ruffalos,1.0
328,Black Licorice,4/5,0.5,0,Falling In Love With You,Black Licorice Sausage,TeSsdhuF5wU,Standard,03:40,4,4.0,0.5/5 Mark Ruffalos,0.5
329,British Baked Beans,4.5/5,3,0,I'm Still Standing,British Baked Beans Sausage,yB14H_WDzhU,Standard,05:42,4.5,4.5,3/5 Mark Ruffalos,3.0
330,Coconut,1/5,1,0,Bang the Drum All Day,Coconut Sausage,IyWPnPtoyJg,Standard,03:51,1,1.0,1/5 Mark Ruffalos,1.0
331,Sushi Grade Tuna,3/5,3,0,Beyond the Sea,Sushi Grade Tuna Sausage,fTd7UkchdK4,Standard,05:48,3,3.0,3/5 Mark Ruffalos,3.0
332,Salt Water Taffy,0.5/5,2,0,Good Riddance,Salt Water Taffy Sausage,DAL9Cemq2jM,Standard,04:56,0.5,0.5,2/5 Mark Ruffalos,2.0
333,Tongue,3/5,3,1,Stayin' Alive,Tongue Sausage,GHlvv0JIH9k,Standard,06:48,3,3.0,3/5 Mark Ruffalos,3.0
334,Cheddar and Jalapeño,3/5,2,0,"Baby, Cold as Ice",Cheddar Jalapeño Sausage,vqC3E-nfAk4,Standard,04:16,3,3.0,2/5 Mark Ruffalos,2.0
335,Oyster,1/5,2,0,(Don’t Fear) The Reaper,Oyster Sausage,tNNeQwaOScY,Standard,05:34,1,1.0,2/5 Mark Ruffalos,2.0
336,Dragon Fruit,2/5,3,1,Money for Nothing,Dragon Fruit Sausage,KniF2dmEY24,Standard,04:43,2,2.0,3/5 Mark Ruffalos,3.0
337,Powdered Cheese,4/5,0,1,Desperado,Powdered Cheese Sausage,N9-SBZrZJY8,Standard,05:45,4,4.0,0/5 Mark Ruffalos,0.0
338,Mixed Dried Fruit,0/5,2,1,My Own Worst Enemy,Mixed Dried Fruit Sausage,MT-DWqejnMQ,Standard,04:07,0,0.0,2/5 Mark Ruffalos,2.0
339,Caramelized Onions,4/5,3,1,Hotel California,Caramelized Onions Sausage,f_Q3aQyfUQw,Standard,06:41,4,4.0,3/5 Mark Ruffalos,3.0
340,Fish Sticks,4/5,2,0,Sharp Dressed Man,Fish Sticks,5YIXa5f9DEI,Standard,03:55,4,4.0,2/5 Mark Ruffalos,2.0
341,Cookie Dough ReGrind,4/5,4,1,If You Could Only See,Sausage ReGrind: Cookie Dough,6xWP7SGU9WM,ReGrind,06:36,4,4.0,4/5 Mark Ruffalos,4.0
342,Jollibee Chickenjoy with Palabok,4/5,5,1,So What,Jollibee Chickenjoy with Palabok Sausage,8QaVjJvMocc,Standard,04:34,4,4.0,5/5 Mark Ruffalos,5.0
343,Marinated Olives,3/5,4,0,Take A Look At My Girlfriend,Marinated Olives Sausage,KivOhtYuxeU,Standard,04:02,3,3.0,4/5 Mark Buffalos,4.0
344,California Pizza Kitchen BBQ Chicken Pizza,4/5,0,0,"Girls Just Want To Have Fun, You Light Up My Life",California Pizza Kitchen BBQ Chicken Pizza Sausage,UAMYKQM7ddo,Standard,03:58,4,4.0,0/5 Mark Ruffalos,0.0
345,Hummus,Disqualified,2,1,"Achy Breaky Heart, On Top of Old Smokey",Hummus Sausage,BXJWvs_iKXE,Standard,06:18,Disqualified,,2/5 Mark Ruffalos,2.0
346,Taco Bell Bacon Breakfast Crunchwrap,4.5/5,2,1,Irreplaceable,Taco Bell Bacon Breakfast Crunchwrap Sausage,VF-vKDFk8aQ,Standard,04:57,4.5,4.5,2/5 Mark Ruffalos,2.0
347,Silk Worms,1/5,1,0,"I'll Stand by You, Friends in Low Places",Silkworms Sausage,bPcN3U1TRSw,Standard,05:24,1,1.0,1/5 Mark Ruffalos,1.0
348,Powdered Eggs,4/5,1.5,1,Can't Stop,Powdered Eggs Sausage,pZB0rD5ss-g,Standard,04:15,4,4.0,1.5/5 Mark Ruffalos,1.5
349,Sashimi Party Tray,6/5,4,0,Pompeii,Sashimi Party Tray Sausage,z7NU89ilQ4I,Standard,05:42,6,6.0,4/5 Mark Ruffalos,4.0
350,Spray Cheese,2/5,1,0,A Moment Like This,Spray Cheese Sausage,QhZayqPR_wY,Standard,04:40,2,2.0,1/5 Mark Ruffalos,1.0
351,Scorpions,3/5,0.5,0,Far From Any Road,Scorpion Sausage,X3-FIbFSygI,Standard,05:46,3,3.0,0.5/5 Mark Ruffalos,0.5
352,Tofu,3/5,5,1,Toxicity,Tofusage,dtu6_Mq4lhg,Standard,04:23,3,3.0,5/5 Mark Ruffalos,5.0
353,Beet and Goat Cheese,2/5,5,1,Beat it,Beet and Goat Cheese Sausage,1ieDPLEjD24,Standard,05:37,2,2.0,5/5 Mark Ruffalos,5.0
354,Guy Fieri's Trash Can Nachos,4/5,0,0,Macho Man,Guy Fieri's Trash Can Nachos Sausage,as2pnYmfJJc,Standard,08:07,4,4.0,0/5 Mark Ruffalos,0.0
355,Rabbit,5/5,1,0,Dust in the Wind,Rabbit Sausage,M-UQOPpm0OU,Standard,06:08,5,5.0,1/5 Mark Ruffalos,1.0
356,Smoked Tabasco,1/5,2,0,Fire And Rain,Smoked Tabasco Sausage,-t-qRwGj_Hc,Standard,06:03,1,1.0,2/5 Mark Ruffalos,2.0
357,Brisket Trimmings,4/5,3,0,Barbie Girl,Brisket Trimmings Sausage,k9j-gb2dFYw,Standard,07:27,4,4.0,3/5 Mark Ruffalos,3.0
358,Frozen Potstickers,2/5,3,0,Smile,Frozen Potstickers Sausage,j6tODOh9wLM,Standard,03:57,2,2.0,3/5 Mark Ruffalos,3.0
359,Chef Michael Symon Pork and Sauerkraut Pierogis,1.5/5,1,1,My Kind Of Town,Chef Michael Symon Pork and Sauerkraut Pierogis (ft. my Mom!),aCtrcQIQ85M,Standard,07:35,1.5,1.5,1/5 Mark Ruffalos,1.0
360,Taco Bell Mexican Pizza,3.5/5,2,0,What's Love Got to do With It,Taco Bell Mexican Pizza Sausage (Smoked),mGJB-E6v8IQ,Standard,05:15,3.5,3.5,2/5 Mark Ruffalos,2.0
361,MSG,2/5,3,0,- No Song -,Gripes with Mr. Sausage and MSG Sausage,dXdaqfS9KgM,Standard,06:45,2,2.0,3/5 Mark Ruffalos,3.0
362,Angry Orchard Hard Apple Cider,3/5,5,1,California Dreamin',Angry Orchard Hard Apple Cider Sausage,Qy-JxPvz1PE,Standard,05:28,3,3.0,5/5 Mark Ruffalos,5.0
363,Jimmy John's #7 Spicy Easy Coast Sub,4/5,1,1,Wonderwall,Jimmy John's #7 Spicy Easy Coast Sub Sausage,3ad-cFvbnew,Standard,05:16,4,4.0,1/5 Mark Ruffalos,1.0
364,White Castle Cheeseburger Bites,1/5,0,0,Somewhere In Paradise,White Castle Cheeseburger Bites Sausage,2Dt4gvZPgLM,Standard,04:13,1,1.0,0/5 Mark Ruffalos,0.0
365,Pico de Gallo,5/5,2,0,Days Go By,Pico de Gallo Sausage,QwYs_V0gZO0,Standard,05:45,5,5.0,2/5 Mark Ruffalos,2.0
366,SweeTarts,0/5,5,1,Fat Lip,SweeTarts Sausage,aTYLYIfDMxM,Standard,04:50,0,0.0,5/5 Mark Ruffalos,5.0
367,Bananas Foster,3.5/5,4,0,Hollaback Girl,Bananas Foster Sausage,nP7qVlE-Bi0,Standard,06:01,3.5,3.5,4/5 Mark Ruffalos,4.0
368,Goulish Green Snickers,2/5,1,0,Unknown Song,Goulish Green Snickers Sausage,4iZG0dLCaIo,Holiday Special,03:51,2,2.0,1/5 Mark Ruffalos,1.0
369,Bone Marrow,2/5,2,1,"The Skeleton Dance, i gotta feeling",Bone Marrow Sausage,5kb20gt2AG0,Holiday Special,05:11,2,2.0,2/5 Mark Ruffalos,2.0
370,Ghost Pepper Whopper,5/5,0,0,Unchained Melody,Ghost Pepper Whopper Sausage,A6jSRFz80hs,Standard,03:56,5,5.0,0/5 Mark Ruffalos,0.0
371,Frito Pie,3/5,1,1,In The Navy,Frito Pie Sausage,51B2NpdGUQQ,Standard,05:27,3,3.0,1/5 Mark Ruffalos,1.0
372,Aunt Myrna's Party Cheese Salad,0/5,4,1,"O-o-h Child, Pina Colada",Aunt Myrna's Party Cheese Salad Sausage,ZWWmn3GdD5M,Standard,05:34,0,0.0,4/5 Mark Ruffalos,4.0
373,Everything From Panda Express,4/5,2,1,Everybody Have Fun Tonight,I Ordered Everything at Panda Express and Turned it into Sausage,jb1tDYwZYmQ,Standard,06:55,4,4.0,2/5 Mark Ruffalos,2.0
374,Box of Crayons,0/5,Not Done,0,- No Song -,Box of Crayons Sausage,0Fnamd3LeSo,YouTube Comments Suggestions,01:31,0,0.0,Not Done,
375,Everything from Wingstop,4/5,2,1,"Teenage Wasteland, I Only Have Eyes for You",Every Wingstop Sandwich Sausage,N9aNy8rWAkw,Standard,04:30,4,4.0,2/5 Mark Ruffalos,2.0
376,Everything in One Week by Barenaked Ladies,3.5/5,5,0,One Week,One Week by Barenaked Ladies Sausage,X3sLWLBQplk,YouTube Comments Suggestions,06:05,3.5,3.5,5/5 Mark Ruffalos,5.0
377,Smoked Turkey Breast,3/5,3,0,"One Little, Two Little, Three Little Indians",Smoked Turkey Breast Sausage,E3Gls6Pkcus,Holiday Special,06:31,3,3.0,3/5 Mark Ruffalos,3.0
378,Red Lobster Ultimate Feast,4/5,1,1,Kokomo,Red Lobster Ultimate Feast Sausage,hCHPtB3tNKY,Standard,05:49,4,4.0,1/5 Mark Ruffalos,1.0
379,"Olive Garden Soup, Salad and Breadsticks",3.5/5,4,1,Thats Amore,"Olive Garden refused to make me Soup, Salad, and Breadsticks sausage so I made my own",HdPnQc0V8wE,Standard,04:48,3.5,3.5,4/5 Mark Ruffalos,4.0
380,Geoduck,0/5,3,1,Hot For Teacher,"It's not what you think it is, it's Geoduck Sausage",jk-9AhcxKVI,Standard,05:58,0,0.0,3/5 Mark Ruffalos,3.0
381,Wendy's Breakfast Baconator,4.5/5,0.5,1,Hot In Here,Breakfast Baconator Sausage,KhnCQR1LL3I,Standard,04:18,4.5,4.5,0.5/5 Mark Ruffalos,0.5
382,Durian,2/5,1,0,Come Undone,"They say it stinks and tastes like feet, but I just call it Durian Sausage",jL-OOeK7mjw,Standard,06:05,2,2.0,1/5 Mark Ruffalos,1.0
383,Ranked French Fries,3/5,0,0,"Puff, The Magic Dragon",Five Different Fast Food French Fries Turned into Sausages and Ranked,25Hv_TLbzOA,Standard,03:41,3,3.0,0/5 Mark Ruffalos,0.0
384,Eel,0/5,2,1,Barracuda,"It's slippery, it's wet, it's Eel Sausage",s5EPbcqx2e0,Standard,05:23,0,0.0,2/5 Mark Ruffalos,2.0
385,Triple Dipper,5/5,1,0,Snow (Hey Oh),If you think you've seen me enraged before then you haven't seen the Triple Dipper Sausage,7kXTEMYRoxc,Standard,04:56,5,5.0,1/5 Mark Ruffalos,1.0
386,Figgy Pudding,Disqualified,0,1,"We Wish You A Merry Christmas, Rockin' Around The Christmas Tree",Figgy Pudding Sausage,WNpPXMw2K84,Holiday Special,06:29,Disqualified,,0/5 Mark Ruffalos,0.0
387,"Parmesan Chicken ""Pizza Style"" Sausage",1/5,1,1,All I Wanna Do Is Have Some Fun,"The Cheese Cake Factory did me real dirty on this Parmesan Chicken ""Pizza Style"" Sausage",y1zYr7FBdQk,Standard,05:03,1,1.0,1/5 Mark Ruffalos,1.0
388,Kimbap,4/5,0.5,0,MMMBop,"Quite foolish of you to think this is sushi, because it's Kimbap Sausage",soQcX7czbUM,Standard,05:44,4,4.0,0.5/5 Mark Ruffalos,0.5
389,Cat Food,3/5,3,0,- No Song -,You Win. Cat Food Sausage,uGCoOJSj7jk,Standard,02:11,3,3.0,3/5 Mark Ruffalos,3.0
390,Beef Tendon,0/5,2,1,'Scuse Me... While I Kiss The Sky,"This one is not for the faint of heart, it's Beef Tendon Sausage",d-RjkfDnuLg,Standard,05:11,0,0.0,2/5 Mark Ruffalos,2.0
391,A Big Bucket of Beef,2/5,4,0,Crazy Mixed Up World,A Big Bucket of Beef Sausage,bWRdw2VhM9U,Standard,05:30,2,2.0,4/5 Mark Ruffalos,4.0
392,Costco Rotisserie Chicken,3/5,0,0,Teenage Dream,Costco Rotisserie Chicken Sausage,684h8GVaQgY,Standard,07:39,3,3.0,0/5 Mark Ruffalos,0.0
393,Liquid Smoke,3/5,0,0,Rubber Duckie,Liquid Smoke Sausage,lg2UeSVQ0n0,Standard,05:01,3,3.0,0/5 Mark Ruffalos,0.0
394,Frozen Pizza,4.5/5,0,0,Scatman,The Cheapest Frozen Pizza at my Grocery Store Sausage,zHzGq0cX7B4,Standard,05:44,4.5,4.5,0/5 Mark Ruffalos,0.0
395,Rehydrated Dehydrated Pork,2/5,Not Done,0,- No Song -,Rehydrated Dehydrated Pork Sausage,r6s87N4-04E,Standard,02:10,2,2.0,Not Done,
396,McDonald's Apple Pie,4/5,0,1,Glycerine,How can this go wrong? | McDonald's Apple Pie Sausage,XEHYhXB8hl8,Standard,04:28,4,4.0,0/5 Mark Ruffalos,0.0
397,Sport Peppers,5/5,3,0,Hooked on a Feeling,Sport Peppers Sausage,N2IfH2QyAlA,Standard,05:22,5,5.0,3/5 Mark Ruffalos,3.0
398,Gene and Jude's Hotdog,2/5,Not Done,0,- No Song -,I Turned America's Best Hot Dog into a Sausage | SausageQuest #4: Gene and Jude's,h7Rp-rB-fQw,Sausage Quest,02:29,2,2.0,Not Done,
399,Bacon Wrapped Shrimp Stuffed Jalapeños,5/5,3,0,Time after Time,My Grocery Store's Already Made Bacon Wrapped Shrimp Stuffed Jalapeños Sausage,_fe27myliNk,Standard,04:31,5,5.0,3/5 Mark Ruffalos,3.0
400,Paqui One Chip Challenge,2.5/5,2,0,Macarena,Paqui One Chip Challenge Sausage (the world's hottest chip!),7Uj4VqcXCnA,Standard,05:38,2.5,2.5,2/5 Mark Ruffalos,2.0
401,Snow,0/5,Not Done,1,- No Song -,Snow Sausage,bVd4fkWtUvI,Standard,01:07,0,0.0,Not Done,
402,Katz's Deli 5 Pound Whole Pastrami,5/5,0,1,Danger Zone,Katz's Deli 5 Pound Whole Pastrami Sausage,DjBw_-Uh50A,Standard,06:26,5,5.0,0/5 Mark Ruffalos,0.0
403,Big Bucket of Auntie Anne's Pretzels with Cheese,3.5/5,1,0,I Still Haven't Found What I'm Looking For,A Big Bucket of Auntie Anne's Pretzels with Cheese Sausage,X-AwRR5MFf4,Standard,06:54,3.5,3.5,1/5 Mark Ruffalos*,1.0
404,A Dozen Red Roses,0/5,Not Done,0,Roses,A Dozen Red Roses Sausage,vExFXPXF2qw,Standard,03:51,0,0.0,Not Done,
405,Hidden Valley Ranch Mix,2/5,2,0,I Miss You,Hidden Valley Ranch Mix Sausage,8UKCeZL4REo,Standard,05:23,2,2.0,2/5 Mark Ruffalos,2.0
406,Shake Shack Truffle Burger,2/5,2,0,Put your records on,Shake Shack White Truffle Burger Sausage,RhmB3YbA8tk,Standard,04:36,2,2.0,2/5 Mark Ruffalos,2.0
407,Fool's Gold Loaf,2/5,1,1,"Viva Las Vegas, Hound Dog",Fool's Gold Loaf Sausage (aka The Elvis Sandwich),wWpQ5KdOQA4,Standard,04:26,2,2.0,1/5 Mark Ruffalos,1.0
408,Escargot,4/5,3,1,Birdhouse in Your Soul,Escargot Sausage,WN9RiT5zWMY,Standard,05:05,4,4.0,3/5 Mark Ruffalos,3.0
409,Warheads,1/5,3,0,War,Warheads Extreme Sour Candy Sausage,HqWK21x5DvY,Standard,05:39,1,1.0,3/5 Mark Ruffalos,3.0
410,KFC Double Down,4.5/5,0,0,Gangsta's Paradise,KFC Double Down Sausage,8ZL-QEMnCUk,Standard,04:02,4.5,4.5,0/5 Mark Ruffalos,0.0
411,Every Lunchables,3/5,0.5,0,School's Out,Every Lunchables Sausage,5RRR1XSYcW4,Standard,07:39,3,3.0,0.5/5 Mark Ruffalos,0.5
412,Hair,3/5,Not Done,0,- No Song -,Hair Sausage,46J_AfS60go,Standard,01:26,3,3.0,Not Done,
414,2x Pot Roast,3.5/5,5,0,Where the Streets Have No Name,2x Pot Roast Sausage,OJal60m6XiY,Standard,07:08,3.5,3.5,5/5 Mark Ruffalos,5.0
415,Foie Gras,Disqualified,0,0,Hold The Line,Foie Gras Sausage,5mZHXkBEo,Standard,04:48,Disqualified,,0/5 Mark Ruffalos,0.0
416,The Cheapest Steak at LongHorns Steakhouse,4/5,2,1,Pokerface,The Cheapest Steak at LongHorns Steakhouse Sausage,EfEORqIV6Z4,Standard,05:44,4,4.0,2/5 Mark Ruffalos,2.0
417,Gushers,4/5,1,1,I'm Too Sexy,Gushers Fruit Snack Sausage,I4aq0cJ9DFY,Standard,05:04,4,4.0,1/5 Mark Ruffalos,1.0
418,Shawarma,5/5,1,0,Locked Out Of Heaven,Smoked Shawarma Sausage,XSOscRuoNmg,Standard,04:56,5,5.0,1/5 Mark Ruffalos,1.0
419,Peepsi Sausage,1/5,5,0,Shout,Peepsi Sausage,YWGZgjyqH_k,Standard,05:37,1,1.0,5/5 Mark Ruffalos,5.0
420,Smoked Kid Cuisine,1.5/5,1,0,No Diggity,Smoked Kid Cuisine Sausage,c7RGjtL0Mt4,Standard,05:00,1.5,1.5,1/5 Mark Ruffalos,1.0
421,Metamucil 4-in-1 Fiber,1/5,2,1,Kiss Me,Metamucil 4-in-1 Fiber Sausage,xdl0NyPaUN8,Standard,06:02,1,1.0,2/5 Mark Ruffalos,2.0
422,Impossible Chicken Nuggets,4/5,0,0,Party in the U.S.A,Impossible Chicken Nuggets Sausage,m8iwG8cajcM,Standard,03:57,4,4.0,0/5 Mark Ruffalos,0.0
423,Fruit Tart,3.5/5,5,1,Sabotage,Fruit Tart Sausage,bRf1xeS9SF0,Standard,07:20,3.5,3.5,5/5 Mark Ruffalos,5.0
424,Wheat Grass,2.5/5,2,0,Stiff Upper Lip,Wheat Grass Sausage,kuKsg37PLQY,Standard,04:34,2.5,2.5,2/5 Mark Ruffalos,2.0
425,Dehydrated Sushi,3/5,0.5,0,Don't Wanna Miss A Thing,Dehydrated Sushi Sausage,Ct74zR5ZVNU,Standard,06:18,3,3.0,0.5/5 Mark Ruffalos,0.5
426,Funyuns,5/5,0,0,"Hit the Road, Jack",Funyuns Sausage,yhMzSdTj-gc,Standard,04:33,5,5.0,0/5 Mark Ruffalos,0.0
427,Antipasto,4/5,4,0,"Everything's Coming Up Roses, Rainbow Connection",Antipasto Sausage,gjWC0IMuczA,Standard,06:53,4,4.0,4/5 Mark Ruffalos,4.0
428,Peanut Butter Pretzel Nuggets,1.5/5,0.5,0,- No Song -,Peanut Butter Pretzel Nuggets Sausage,jbziCUoUAOA,Standard,04:42,1.5,1.5,0.5/5 Mark Ruffalos,0.5
429,Chili's Cajun Chicken Pasta,3.5/5,2,0,Can't Get Enough,Chili's Cajun Chicken Pasta Sausage,HefNC0SQqnM,Standard,05:33,3.5,3.5,2/5 Mark Ruffalos,2.0
430,Tostito's Creamy Spinach Dip,1/5,5,1,Everybody Wants To Rule The World,Tostito's Creamy Spinach Dip Sausage,EU6oTm1xE,Standard,04:09,1,1.0,5/5 Mark Ruffalos,5.0
431,Smoked Hot Pocket,1/5,0,0,Cruisin',Smoked Hot Pocket Sausage,JzcWuj8fEjs,Standard,05:35,1,1.0,0/5 Mark Ruffalos,0.0
432,Italian Sausage,4/5,0.5,0,Carry On My Wayward Son,Italian Sausage Stuffed Crust Pizza,plUk4x3YcB8,Standard,04:21,4,4.0,0.5/5 Mark Ruffalos,0.5
433,Pesto,4/5,1,1,Even Flow Bohemian Rhapsody,Pesto Sausage,0pQFPxmF074,Standard,06:05,4,4.0,1/5 Mark Ruffalos,1.0
434,Marshmellow Fluff,3/5,3,0,Ghostbusters,Marshmallow Fluff Sausage,LohUHRqcQeI,Standard,02:49,3,3.0,3/5 Mark Ruffalos,3.0
435,Dave's Insanity Sauce,2/5,3,0,Shout At The Devil,"Dave's Insanity Sausage (180,000 Scoville units!)",G6UNQXoi-5k,Standard,05:36,2,2.0,3/5 Mark Ruffalos,3.0
436,Prune,Disqualified,0.5,1,Love Is A Battlefield,Prune Sausage,3P8qTUDumMk,Standard,03:54,Disqualified,,0.5/5 Mark Ruffalos,0.5
437,Beef Curry,4/5,1,1,This Love,Beef Curry Sausage,6ErYT8dSliM,Standard,06:03,4,4.0,1/5 Mark Ruffalos,1.0
438,Salt and Vinegar Chips,3/5,1,0,Summer Girls,Salt and Vinegar Chips Sausage,fT79ZmzeF4U,Standard,02:56,3,3.0,1/5 Mark Ruffalos,1.0
439,McDonald's Grimace Birthday Meal,2/5,4,1,Get Down Tonight,McDonald's Grimace Birthday Meal Sausage,lvw7-eE5oHs,Standard,04:55,2,2.0,4/5 Mark Ruffalos,4.0
440,Artificial Krab,2/5,3,0,Gimme Some Lovin,I'm Sick Again...BUT here's Artificial Krab Sausage,bo6UNejVgow,Standard,02:48,2,2.0,3/5 Mark Ruffalos,3.0
441,Four Loko + Malort,0.5/5,3,0,The Tide Is High,Four Loko + Malort Sausage,8hlQsoSfUds,Standard,04:42,0.5,0.5,3/5 Mark Ruffalos,3.0
442,Guga's Hot Dog Smashburger,3/5,1,0,The Sweet Escape,Guga's Stupid Hot Dog Smashburger Thing Sausage,bKI3ll_d76A,Standard,04:13,3,3.0,1/5 Mark Ruffalos,1.0
443,Swordfish,3.5/5,4,0,Nine in the Afternoon,Swordfish Sausage,ec2VmjdPwG0,Standard,03:33,3.5,3.5,4/5 Mark Ruffalos,4.0
444,Funnel Cake,4/5,1,1,No Rain,Funnel Cake Sausage,bQU0nWwpg8g,Standard,03:26,4,4.0,1/5 Mark Ruffalos,1.0
445,Pilk,2.5/5,3,0,Dance Monkey,Pilk Sausage,E_VtXndu3K8,Standard,05:05,2.5,2.5,3/5 Mark Ruffalos,3.0
446,Entire Corn on the Cob,1/5,5,0,Straight Up,Will it Break the Grinder? The Entire Corn on the Cob Sausage,_QTTfc3-psE,Standard,02:26,1,1.0,5/5 Mark Ruffalos,5.0
447,Coleslaw,3.5/5,3,0,Vacation,"Ladies and Gentlemen, this is Coleslawsage Number 5",3wM-m22rGo8,Standard,05:20,3.5,3.5,3/5 Mark Ruffalos,3.0
448,Pencil,0/5,2,0,Take Me To Church,Will It Break the Grinder? Pencil Sausage,jWIZeiUhcGg,Standard,02:51,0,0.0,2/5 Mark Ruffalos,2.0
449,Parmesan Cheese,4/5,0.5,1,Don't Stand So Close to Me,Parmesan Cheese Sausage,fxzM4iV6diM,Standard,04:05,4,4.0,0.5/5 Mark Ruffalos,0.5
450,Barbie Pink Sauce,3/5,3,0,Barbie Girl,Barbie Pink Sauce Sausage,lJRgVq9OX20,Standard,04:51,3,3.0,3/5 Mark Ruffalos,3.0
451,Jawbreaker,2/5,1,1,Heartbreaker,Jawbreaker Sausage,R5EXbXoMC7k,Standard,04:53,2,2.0,1/5 Mark Ruffalos,1.0
452,Socks,1/5,3,1,Put Your Head on My Shoulder,Socksage,2i1pA4LmKc4,Standard,03:58,1,1.0,3/5 Mark Ruffalos,3.0
453,Playdoh,0/5,1,1,Pocketful of Sunshine,Play-Doh Sausage,_-3UqMEHrY4,Standard,03:00,0,0.0,1/5 Mark Ruffalos,1.0
454,Taco Bell Volcano Menu,2.5/5,3,0,We've Only Just Begun,Taco Bell Volcano Menu Sausage,GqD1WoUWDaQ,Standard,04:40,2.5,2.5,3/5 Mark Ruffalos,3.0
455,Whiskey,0/5,Not Done,1,- No Song -,Straight Up Whiskey Sausage,fYJdr7mp9SE,Standard,01:14,0,0.0,Not Done,
456,Surströmming,4/5,3,0,Waterloo,Surströmming Sausage,mammeRN_0n8,Standard,07:36,4,4.0,3/5 Mark Ruffalos,3.0
457,Helium,0.5/5,Not Done,0,- No Song -,Helium Sausage Featuring UpIsNotJump,fo8mHS5imZg,Standard,02:39,0.5,0.5,Not Done,
458,Grilled Watermelon,4/5,5,0,Waterfalls,Grilled Watermelon Sausage,30CSgzCqUNc,Standard,05:39,4,4.0,5/5 Mark Ruffalos,5.0
459,"Fava Beans, Chianti and Liver",4/5,5,0,Milkshake,Hannibal Lecter Sausage,J1lfP_7k2WE,Standard,05:12,4,4.0,5/5 Mark Ruffalos,5.0
460,Soft Shell Crab,3.5/5,2,0,"Under the Sea, Crabulous",Soft Shell Crab Sausage,Bqe8ys6g-1s,Standard,05:36,3.5,3.5,2/5 Mark Ruffalos,2.0
461,A Single Potato,4.5/5,4,0,Ocean Avenue,A Single Potato Sausage,gRPExqtj_qk,Standard,02:56,4.5,4.5,4/5 Mark Ruffalos,4.0
462,New England Clam Chowder,2.5/5,1,0,Thunder,New England Clam Chowder Sausage ReGrind,ZAUdLEofuVM,Standard,05:09,2.5,2.5,1/5 Mark Ruffalos,1.0
463,Caramel Apple,2.5/5,5,0,If I Can't Have You,Caramel Apple Sausage,XPRGSFCrFkw,Standard,04:16,2.5,2.5,5/5 Mark Ruffalos,5.0
464,Hibachi,3/5,3,1,Turning Japanese,Hibachi Sausage,ta1RsQrlM20,Standard,05:53,3,3.0,3/5 Mark Ruffalos,3.0
465,Texas Toast,4/5,1,0,Purple Haze,Texas Toast Sausage,ZWlOY4gRFG0,Standard,02:50,4,4.0,1/5 Mark Ruffalos,1.0
466,Honeycomb,4/5,0.5,0,You Are My Dad,Honeycomb Sausage,fejelza4DfE,Standard,05:24,4,4.0,0.5/5 Mark Ruffalos,0.5
467,Cottage Cheese,2/5,1,0,Ignition,Cottage Cheese Sausage,lQF6uvVmzSQ,Standard,03:41,2,2.0,1/5 Mark Ruffalos,1.0
468,Chicken Hearts,2.5/5,4,0,It's Raining Men,Chicken Hearts Sausage,F9hAuvVEm7M,Standard,04:16,2.5,2.5,4/5 Mark Ruffalos,4.0
469,Guy Fieri's Flavortown Sloppy Joe Mac and Cheese,2/5,3,1,How Does It Feel,Guy Fieri's Flavortown Sloppy Joe Mac and Cheese Sausage,mDA5ddIcoX8,Standard,04:25,2,2.0,3/5 Mark Ruffalos,3.0
470,Gordon Ramsay Mushroom Risotto Sausage,2.5/5,4,0,I Don’t Want to Be,Gordon Ramsay Mushroom Risotto Sausage and Fan Art Unboxing,y8icHrgGXTA,Standard,05:28,2.5,2.5,4/5 Mark Ruffalos,4.0
471,Pulled Pork and Tuna Salad Sandwich,Disqualified,3,1,Buddy Holly,"nspired by my anger towards Guy Fieri, It's the Pulled Pork and Tuna Salad Sandwich Sausage!",7vPQQOBoOOQ,Standard,03:43,Disqualified,,3/5 Mark Ruffalos,3.0
472,Cherry Pie,1/5,0.5,1,Cherry Pie,Cherry Pie Sausage,ALB3UW1RshA,Standard,05:18,1,1.0,0.5/5 Mark Ruffalos,0.5
473,Corn Nuts,1/5,1,0,Tiptoe Through The Tulips,Corn Nuts Sausage,vzsYmV_B140,Standard,03:26,1,1.0,1/5 Mark Ruffalos,1.0
474,Meet Your Maker Hot Sauce,0.5/5,2,0,"Bailamos, Out of Touch",One Drop of Meet Your Maker Hot Sauce Sausage (5 Million Scolville Units!),T48DVZ6OheU,Standard,06:27,0.5,0.5,2/5 Mark Ruffalos,2.0
475,Catnip,2/5,1,0,Anything You Want You Got It,Catnip Sausage,Rt-95OadL4A,Standard,03:40,2,2.0,1/5 Mark Ruffalos,1.0
476,Adam and Eve,2/5,3,0,Timber,Adam and Eve Sausage (Not Suitable for Younger Viewers),pwmHTwdr6MA,Standard,08:23,2,2.0,3/5 Mark Ruffalos,3.0
477,Ghosts in the Graveyard,1.5/5,5,1,Spooky Scary Skeletons,Ghosts in the Graveyard Sausage,bIDxPSHdj9c,Standard,04:02,1.5,1.5,5/5 Mark Ruffalos,5.0
478,Smoked Nova Salmon (Lox),2.5/5,2,0,The Heart Of Rock & Roll,Smoked Nova Salmon (Lox) Sausage,RNjg0Q0mumY,Standard,04:46,2.5,2.5,2/5 Mark Ruffalos,2.0
479,Sixteen Granola Bars,3/5,4,1,Love in an Elevator,Sixteen Granola Bars Sausage,NC19e6v4ak4,Standard,03:35,3,3.0,4/5 Mark Ruffalos,4.0
480,KFC Famous Bowl,4/5,3,0,Feel Good Inc.,KFC Famous Bowl Sausage,dOnL93CJmGY,Standard,04:56,4,4.0,3/5 Mark Ruffalos,3.0
481,Tapatio Birria Ramen with Brisket,4.5/5,2,0,"Freak On A Leash, I Gotta Feeling, Kryptonite",Tapatio Birria Ramen with Brisket Sausage,sqrJMBSccKc,Standard,04:26,4.5,4.5,2/5 Mark Ruffalos,2.0
482,Guy Fieri's Recipe for Turkey Tequila Fettuccine,4/5,0.5,0,Losing My Religion,Beating a Dead Horse with Guy Fieri's Recipe for Turkey Tequila Fettuccine Sausage,MvHsfIvs1A8,Standard,07:32,4,4.0,0.5/5 Mark Ruffalos,0.5
483,Sea Urchin Roe (Uni),5/5,4,0,Just The Way You Are,Sea Urchin Roe (Uni) Sausage,uohxYn3cPU8,Standard,05:30,5,5.0,4/5 Mark Ruffalos,4.0
484,Good Burger 2 Meal,0.5/5,3,1,Jump in the Line,Good Burger 2 Meal Sausage,hxJms-me9dg,Standard,05:54,0.5,0.5,3/5 Mark Ruffalos,3.0
485,Gefilte Fish,0.5/5,5,1,It's Raining Men,Gefilte Fish Sausage and Settling Some Unfinished Business,pzNsm7LIoGU,Standard,03:02,0.5,0.5,5/5 Mark Ruffalos,5.0
486,Active Dry Yeast,4/5,3,1,It's My Life,Active Dry Yeast Sausage,Wkc_GwJsJ6Q,Standard,04:53,4,4.0,3/5 Mark Ruffalos,3.0
487,"Filet Mignon, Chicken, and Salmon",3/5,3,0,Ghetto Supasta,"Should You Buy It Returns! Dreo ChefMaker and Filet Mignon, Chicken, and Salmon Sausage",6gheWCcpqZA,Standard,08:23,3,3.0,3/5 Mark Ruffalos,3.0
488,Tony Boloney's Taco Pizza,3.5/5,2,0,- No Song -,Tony Boloney's Taco Pizza Sausage,MBZNQ5zvGhI,Standard,04:47,3.5,3.5,2/5 Mark Ruffalos,2.0
489,Charcoal,1/5,2,1,Yellow,Charcoalsage,TPTXVYDh3ug,Standard,05:13,1,1.0,2/5 Mark Ruffalos,2.0
490,Stroopwafel,4/5,1,0,Legs,Stroopwafel Sausage,RuquSs-qFVA,Standard,05:01,4,4.0,1/5 Mark Ruffalos,1.0
491,Pickled Ginger,5/5,1,0,Cheeseburger in Paradise,Pickled Ginger,VuAQH9tjMHE,Standard,03:36,5,5.0,1/5 Mark Ruffalos,1.0
492,Russian Pine Cone Jam,1/5,1,0,Mr. Blue Sky,Russian Pine Cone Jam Sausage,4fk-YAxeNms,Standard,04:48,1,1.0,1/5 Mark Ruffalos,1.0
493,Matcha,2.5/5,0.5,0,This Magic Moment,Matcha Tea Sausage (Not Suitable for Young Viewers),Jm1a9J4_3gA,Standard,05:14,2.5,2.5,0.5/5 Mark Ruffalos,0.5
494,Doritos Dip,3.5/5,3,1,Heard It Through The Grapevine,Doritos Dip Sausage,wMS3dzTNFXw,Standard,05:14,3.5,3.5,3/5 Mark Ruffalos,3.0
495,Menthol,-1/5,2,0,Big Girls Don't Cry,Menthol Sausage,9IB5Rg5kBhg,Standard,05:35,-1,-1.0,2/5 Mark Ruffalos,2.0
496,Astronaut Ice Cream,4/5,1,0,Lifestyles Of The Rich And Famous,Astronaut Ice Cream Sausage,tfMMom--HB0,Standard,02:41,4,4.0,1/5 Mark Ruffalos,1.0
497,Chizza,5/5,1,0,- No Song -,Chizza Sausage,3JH7GYpoVpo,Standard,03:44,5,5.0,1/5 Mark Ruffalos,1.0
498,Citric Acid,Disqualified,3,1,Everywhere,Citric Acid Sausage,YV9-CagC6EI,Standard,05:51,Disqualified,,3/5 Mark Ruffalos,3.0
499,Butter Powder,5/5,2,0,Tears in Heaven,Butter Powder Sausage,CWTcs0_vbEs,Standard,04:08,5,5.0,2/5 Mark Ruffalos,2.0
500,Wagyu Beef Tallow,2/5,1,0,Hands Down,Wagyu Beef Tallow Sausage,NhQK456A5p0,Standard,03:51,2,2.0,1/5 Mark Ruffalos,1.0
501,Vaseline,3.5/5,1,0,Fortunate Son,Vaseline Sausage,zdw-2gpDoQg,Standard,05:30,3.5,3.5,1/5 Mark Ruffalos,1.0
502,Kidneys Sausage,5/5,5,0,Rich Lips,Kidneys Sausage,OY1NCeIGNW4,Standard,05:52,5,5.0,5/5 Mark Ruffalos,5.0
503,Sloppy Joe,2/5,1,1,I Just Wanna Fly,Mrs. Sausage Makes a Sausage 3: Sloppy Joesage,sppPGT5mEEs,Standard,06:52,2,2.0,1/5 Mark Ruffalos,1.0
504,Momofuku Chili Crunch,1.5/5,3,1,Hold On Tight,Momofuku Chili Crunch Sausage,iz5jvc1NKy4,Standard,05:27,1.5,1.5,3/5 Mark Ruffalos,3.0
505,Caffeine,0/5,0,0,Shine,Caffeine Sausage,4ktNHFn_eRI,Standard,04:21,0,0.0,0/5 Mark Ruffalos,0.0
506,Flintstones Vitamins,0/5,1,0,Teletubbies Theme Song,Caffeine Sausage,tB2G7Pwh1kc,Standard,04:53,0,0.0,1/5 Mark Ruffalos,1.0
507,Twinkie Sausag (ReGrind),0/5,4,1,Rehab,Game Grumps Twinkie Sausage Response & ReGrind,Qj1cIlSQuQo,Standard,04:49,0,0.0,4/5 Mark Ruffalos,4.0
508,White Castle Crave Case (30 Sliders),5/5,0,1,Reelin' In The Years,I Accept LA Beast's White Castle Crave Case (30 Sliders) Sausage Challenge,1iECyamntoY,Standard,05:57,5,5.0,0/5 Mark Ruffalos,0.0
509,Pizza Hut Cheeseburger Melt,3.5/5,0,0,All Right Now,Pizza Hut Cheeseburger Melt Sausage,2vImlsrZB1c,Standard,05:40,3.5,3.5,0/5 Mark Ruffalos,0.0
510,Pickled Bologna,Disqualified,3,1,Highway Star,Pickled Bologna Sausage,Mw7y8wDtZEg,Standard,05:51,Disqualified,,3/5 Mark Ruffalos,3.0
511,Taco Bell Cheez-It Tostada,Disqualified,4,1,I Can See Clearly Now,Taco Bell Cheez-It Tostada Sausage,3YP86AHM-Fk,Standard,05:44,Disqualified,,4/5 Mark Ruffalos,4.0
512,Hákarl (Fermented Shark),-100/5,4,0,- No Song -,Hákarl (Fermented Shark) Sausage,q1UyilXIzrU,Standard,05:16,-100,-100.0,4/5 Mark Ruffalos,4.0
513,Biscuits and Gravy,4/5,1,0,Feed the Birds,Biscuits and Gravy Sausage,64pVuSk8l9M,Standard,03:56,4,4.0,1/5 Mark Ruffalos,1.0
514,Pete's Boiled Hamburgers,4/5,3,0,These Eyes,Pete's Boiled Hamburgers Sausage,3WtaRE5JlS8,Standard,04:55,4,4.0,3/5 Mark Ruffalos,3.0
515,Crunch of Doom,5/5,1,0,My Way,Crunch of Doom Sausage,RoW9ezrHkLc,Standard,05:44,5,5.0,1/5 Mark Ruffalos,1.0
516,Martini,3.5/5,4,0,La Vida Loca,Martini Sausage,K7jWZS8cMFw,Standard,04:25,3.5,3.5,4/5 Mark Ruffalos,4.0
517,Weird Al UHF Twinkie Wiener Sandwich,3/5,4,0,Hey There Delilah,Weird Al UHF Twinkie Wiener Sandwich Sausage,aymEkmAGRbc,Standard,04:10,3,3.0,4/5 Mark Ruffalos,4.0
518,Tiger Skin Chicken Feet,5/5,5,0,Crazy World,Tiger Skin Chicken Feet Sausage,P4quUqmFS-4,Standard,06:23,5,5.0,5/5 Mark Ruffalos,5.0
520,Chicken Soup,4/5,Not Done,0,- No Song -,Sausage Speed Run: Chicken Soup Sausage,xp317V5euwk,Standard,01:00,4,4.0,Not Done,
521,Meat Glue,3.5/5,0.5,0,WKRP in Cincinnati,Meat Glue Sausage,I_6fCamLluU,Standard,06:06,3.5,3.5,0.5/5 Mark Ruffalos,0.5
522,Seaweed Caviar,1/5,1,0,Funkytown,Seaweed Caviar Sausage,MH0A9shs1Jc,Standard,05:27,1,1.0,1/5 Mark Ruffalos,1.0
523,Carolina Reaper Peanuts,1/5,1,0,On The Road Again,Carolina Reaper Peanuts Sausage,bEYTRJ-gSyM,Standard,05:41,1,1.0,1/5 Mark Ruffalos,1.0
524,Mexican Chorizo,5/5,1,0,Memory,Mexican Chorizo Sausage,nnCxEHD0JJo,Standard,04:58,5,5.0,1/5 Mark Ruffalos,1.0
525,Toilet Paper,0.5/5,3,0,A Thousand Miles,Toilet Paper Sausage,5bIFBZYJCfg,Standard,03:01,0.5,0.5,3/5 Mark Ruffalos,3.0
526,Buffalo Chicken Dip,0.5/5,2,0,Every Morning,Buffalo Chicken Dip Sausage,Lhj1NspiPaY,Standard,03:35,0.5,0.5,2/5 Mark Ruffalos,2.0
527,Sai Ua,0.5/5,2.5,1,Dance Monkey,Sai Ua Sausage of Northern Thailand,zwvLMBVXZcg,Standard,06:51,0.5,0.5,2.5/5 Mark Ruffalos,2.5
528,Sausage Hand,4/5,Not Done,0,- No Song -,Sausage Hand,E95vM7TLgmc,Standard,01:02,4,4.0,Not Done,
529,Chicken Jelly Belly,1/5,4,0,Lick It Up,Chicken Jelly Belly Sausage,Eg106GcJgGc,Standard,04:44,1,1.0,4/5 Mark Ruffalos,4.0
530,Snail Noodle Soup,3.5/5,5,0,Unknown Song,Snail Noodle Soup Sausage,6iyBn1_3O7o,Standard,05:50,3.5,3.5,5/5 Mark Ruffalos,5.0
531,Dry Iceage,0/5,Not Done,0,Creep,Snail Noodle Soup Sausage,eOYE6acGcR8,Standard,01:39,0,0.0,Not Done,
532,Cajun Andouille,4/5,3,0,Sunshine on My Shoulders,Cajun Andouille Sausage,hymBFQcK3b0,Standard,04:53,4,4.0,3/5 Mark Ruffalos,3.0
533,Sausage Skull,4/5,Not Done,0,- No Song -,Sausage Skull,bu5MEIOi_Vc,Standard,01:06,4,4.0,Not Done,
534,An Entire Bottle of Pure Vanilla Extract,0/5,4,0,Light & Day,An Entire Bottle of Pure Vanilla Extract Sausage,OTPs_pZa5d4,Standard,06:04,0,0.0,4/5 Mark Buffalos,4.0
413,Onion Rings (No Pork),1/5,1,0,East Bound And Down,Nathan's Frozen Onion Rings Sausage,ejkPYg6jGqc,Standard,03:55,2.5,1.0,1/5 Mark Ruffalos,1.0
413,Onion Rings (With Pork),2/5,3,0,East Bound And Down,Nathan's Frozen Onion Rings Sausage,ejkPYg6jGqc,Standard,03:55,2.5,2.0,3/5 Mark Ruffalos,3.0
